REG_DT,DTIN_NM,STTS_CD,FRST_WRT_YR,STATS_VL,WRTR_TELNO,RGTR_ID,WRT_DEPT_NM,ORGNL_PATH_CN,DTA_UNIT_NM,RW_STATS_ID,YR,MDFR_ID,DONG_CD,MDFCN_DT
0015/07/22 00:00:00,고령인구수,ST02,2007,844839,02-2100-3128,admin,"자치행정과, 정보통신담당관실",지역통계>주제별>인구·가구>주민등록인구통계>동읍면/5세별주민등록인구,인,STTS000111,2007,admin,1100000000,0016/01/29 00:00:00
0015/07/22 00:00:00,고령인구수,ST02,2007,18961,02-2100-3128,admin,"자치행정과, 정보통신담당관실",지역통계>주제별>인구·가구>주민등록인구통계>동읍면/5세별주민등록인구,인,STTS000111,2007,admin,1111000000,0016/01/29 00:00:00
0015/07/22 00:00:00,고령인구수,ST02,2007,14645,02-2100-3128,admin,"자치행정과, 정보통신담당관실",지역통계>주제별>인구·가구>주민등록인구통계>동읍면/5세별주민등록인구,인,STTS000111,2007,admin,1114000000,0016/01/29 00:00:00
0015/07/22 00:00:00,고령인구수,ST02,2007,25728,02-2100-3128,admin,"자치행정과, 정보통신담당관실",지역통계>주제별>인구·가구>주민등록인구통계>동읍면/5세별주민등록인구,인,STTS000111,2007,admin,1117000000,0016/01/29 00:00:00
0015/07/22 00:00:00,고령인구수,ST02,2007,29476,02-2100-3128,admin,"자치행정과, 정보통신담당관실",지역통계>주제별>인구·가구>주민등록인구통계>동읍면/5세별주민등록인구,인,STTS000111,2007,admin,1120000000,0016/01/29 00:00:00
0015/07/22 00:00:00,고령인구수,ST02,2007,26820,02-2100-3128,admin,"자치행정과, 정보통신담당관실",지역통계>주제별>인구·가구>주민등록인구통계>동읍면/5세별주민등록인구,인,STTS000111,2007,admin,1121500000,0016/01/29 00:00:00
0015/07/22 00:00:00,고령인구수,ST02,2007,36832,02-2100-3128,admin,"자치행정과, 정보통신담당관실",지역통계>주제별>인구·가구>주민등록인구통계>동읍면/5세별주민등록인구,인,STTS000111,2007,admin,1123000000,0016/01/29 00:00:00
0015/07/22 00:00:00,고령인구수,ST02,2007,34855,02-2100-3128,admin,"자치행정과, 정보통신담당관실",지역통계>주제별>인구·가구>주민등록인구통계>동읍면/5세별주민등록인구,인,STTS000111,2007,admin,1126000000,0016/01/29 00:00:00
0015/07/22 00:00:00,고령인구수,ST02,2007,44430,02-2100-3128,admin,"자치행정과, 정보통신담당관실",지역통계>주제별>인구·가구>주민등록인구통계>동읍면/5세별주민등록인구,인,STTS000111,2007,admin,1129000000,0016/01/29 00:00:00
0015/07/22 00:00:00,고령인구수,ST02,2007,34630,02-2100-3128,admin,"자치행정과, 정보통신담당관실",지역통계>주제별>인구·가구>주민등록인구통계>동읍면/5세별주민등록인구,인,STTS000111,2007,admin,1130500000,0016/01/29 00:00:00
0015/07/22 00:00:00,고령인구수,ST02,2007,32720,02-2100-3128,admin,"자치행정과, 정보통신담당관실",지역통계>주제별>인구·가구>주민등록인구통계>동읍면/5세별주민등록인구,인,STTS000111,2007,admin,1132000000,0016/01/29 00:00:00
0015/07/22 00:00:00,고령인구수,ST02,2007,50564,02-2100-3128,admin,"자치행정과, 정보통신담당관실",지역통계>주제별>인구·가구>주민등록인구통계>동읍면/5세별주민등록인구,인,STTS000111,2007,admin,1135000000,0016/01/29 00:00:00
0015/07/22 00:00:00,고령인구수,ST02,2007,43285,02-2100-3128,admin,"자치행정과, 정보통신담당관실",지역통계>주제별>인구·가구>주민등록인구통계>동읍면/5세별주민등록인구,인,STTS000111,2007,admin,1138000000,0016/01/29 00:00:00
0015/07/22 00:00:00,고령인구수,ST02,2007,36008,02-2100-3128,admin,"자치행정과, 정보통신담당관실",지역통계>주제별>인구·가구>주민등록인구통계>동읍면/5세별주민등록인구,인,STTS000111,2007,admin,1141000000,0016/01/29 00:00:00
0015/07/22 00:00:00,고령인구수,ST02,2007,35873,02-2100-3128,admin,"자치행정과, 정보통신담당관실",지역통계>주제별>인구·가구>주민등록인구통계>동읍면/5세별주민등록인구,인,STTS000111,2007,admin,1144000000,0016/01/29 00:00:00
0015/07/22 00:00:00,고령인구수,ST02,2007,33782,02-2100-3128,admin,"자치행정과, 정보통신담당관실",지역통계>주제별>인구·가구>주민등록인구통계>동읍면/5세별주민등록인구,인,STTS000111,2007,admin,1147000000,0016/01/29 00:00:00
0015/07/22 00:00:00,고령인구수,ST02,2007,41857,02-2100-3128,admin,"자치행정과, 정보통신담당관실",지역통계>주제별>인구·가구>주민등록인구통계>동읍면/5세별주민등록인구,인,STTS000111,2007,admin,1150000000,0016/01/29 00:00:00
0015/07/22 00:00:00,고령인구수,ST02,2007,31980,02-2100-3128,admin,"자치행정과, 정보통신담당관실",지역통계>주제별>인구·가구>주민등록인구통계>동읍면/5세별주민등록인구,인,STTS000111,2007,admin,1153000000,0016/01/29 00:00:00
0015/07/22 00:00:00,고령인구수,ST02,2007,19781,02-2100-3128,admin,"자치행정과, 정보통신담당관실",지역통계>주제별>인구·가구>주민등록인구통계>동읍면/5세별주민등록인구,인,STTS000111,2007,admin,1154500000,0016/01/29 00:00:00
0015/07/22 00:00:00,고령인구수,ST02,2007,35487,02-2100-3128,admin,"자치행정과, 정보통신담당관실",지역통계>주제별>인구·가구>주민등록인구통계>동읍면/5세별주민등록인구,인,STTS000111,2007,admin,1156000000,0016/01/29 00:00:00
0015/07/22 00:00:00,고령인구수,ST02,2007,36563,02-2100-3128,admin,"자치행정과, 정보통신담당관실",지역통계>주제별>인구·가구>주민등록인구통계>동읍면/5세별주민등록인구,인,STTS000111,2007,admin,1159000000,0016/01/29 00:00:00
0015/07/22 00:00:00,고령인구수,ST02,2007,41667,02-2100-3128,admin,"자치행정과, 정보통신담당관실",지역통계>주제별>인구·가구>주민등록인구통계>동읍면/5세별주민등록인구,인,STTS000111,2007,admin,1162000000,0016/01/29 00:00:00
0015/07/22 00:00:00,고령인구수,ST02,2007,28905,02-2100-3128,admin,"자치행정과, 정보통신담당관실",지역통계>주제별>인구·가구>주민등록인구통계>동읍면/5세별주민등록인구,인,STTS000111,2007,admin,1165000000,0016/01/29 00:00:00
0015/07/22 00:00:00,고령인구수,ST02,2007,36929,02-2100-3128,admin,"자치행정과, 정보통신담당관실",지역통계>주제별>인구·가구>주민등록인구통계>동읍면/5세별주민등록인구,인,STTS000111,2007,admin,1168000000,0016/01/29 00:00:00
0015/07/22 00:00:00,고령인구수,ST02,2007,41576,02-2100-3128,admin,"자치행정과, 정보통신담당관실",지역통계>주제별>인구·가구>주민등록인구통계>동읍면/5세별주민등록인구,인,STTS000111,2007,admin,1171000000,0016/01/29 00:00:00
0015/07/22 00:00:00,고령인구수,ST02,2007,31485,02-2100-3128,admin,"자치행정과, 정보통신담당관실",지역통계>주제별>인구·가구>주민등록인구통계>동읍면/5세별주민등록인구,인,STTS000111,2007,admin,1174000000,0016/01/29 00:00:00
0015/07/22 00:00:00,고령인구수,ST02,2007,345492,02-2100-3128,admin,"자치행정과, 정보통신담당관실",지역통계>주제별>인구·가구>주민등록인구통계>동읍면/5세별주민등록인구,인,STTS000111,2007,admin,2600000000,0016/01/29 00:00:00
0015/07/22 00:00:00,고령인구수,ST02,2007,6852,02-2100-3128,admin,"자치행정과, 정보통신담당관실",지역통계>주제별>인구·가구>주민등록인구통계>동읍면/5세별주민등록인구,인,STTS000111,2007,admin,2611000000,0016/01/29 00:00:00
0015/07/22 00:00:00,고령인구수,ST02,2007,17560,02-2100-3128,admin,"자치행정과, 정보통신담당관실",지역통계>주제별>인구·가구>주민등록인구통계>동읍면/5세별주민등록인구,인,STTS000111,2007,admin,2614000000,0016/01/29 00:00:00
0015/07/22 00:00:00,고령인구수,ST02,2007,15061,02-2100-3128,admin,"자치행정과, 정보통신담당관실",지역통계>주제별>인구·가구>주민등록인구통계>동읍면/5세별주민등록인구,인,STTS000111,2007,admin,2617000000,0016/01/29 00:00:00
0015/07/22 00:00:00,고령인구수,ST02,2007,19210,02-2100-3128,admin,"자치행정과, 정보통신담당관실",지역통계>주제별>인구·가구>주민등록인구통계>동읍면/5세별주민등록인구,인,STTS000111,2007,admin,2620000000,0016/01/29 00:00:00
0015/07/22 00:00:00,고령인구수,ST02,2007,41069,02-2100-3128,admin,"자치행정과, 정보통신담당관실",지역통계>주제별>인구·가구>주민등록인구통계>동읍면/5세별주민등록인구,인,STTS000111,2007,admin,2623000000,0016/01/29 00:00:00
0015/07/22 00:00:00,고령인구수,ST02,2007,25551,02-2100-3128,admin,"자치행정과, 정보통신담당관실",지역통계>주제별>인구·가구>주민등록인구통계>동읍면/5세별주민등록인구,인,STTS000111,2007,admin,2626000000,0016/01/29 00:00:00
0015/07/22 00:00:00,고령인구수,ST02,2007,29038,02-2100-3128,admin,"자치행정과, 정보통신담당관실",지역통계>주제별>인구·가구>주민등록인구통계>동읍면/5세별주민등록인구,인,STTS000111,2007,admin,2629000000,0016/01/29 00:00:00
0015/07/22 00:00:00,고령인구수,ST02,2007,24182,02-2100-3128,admin,"자치행정과, 정보통신담당관실",지역통계>주제별>인구·가구>주민등록인구통계>동읍면/5세별주민등록인구,인,STTS000111,2007,admin,2632000000,0016/01/29 00:00:00
0015/07/22 00:00:00,고령인구수,ST02,2007,36270,02-2100-3128,admin,"자치행정과, 정보통신담당관실",지역통계>주제별>인구·가구>주민등록인구통계>동읍면/5세별주민등록인구,인,STTS000111,2007,admin,2635000000,0016/01/29 00:00:00
0015/07/22 00:00:00,고령인구수,ST02,2007,29565,02-2100-3128,admin,"자치행정과, 정보통신담당관실",지역통계>주제별>인구·가구>주민등록인구통계>동읍면/5세별주민등록인구,인,STTS000111,2007,admin,2638000000,0016/01/29 00:00:00
0015/07/22 00:00:00,고령인구수,ST02,2007,25032,02-2100-3128,admin,"자치행정과, 정보통신담당관실",지역통계>주제별>인구·가구>주민등록인구통계>동읍면/5세별주민등록인구,인,STTS000111,2007,admin,2641000000,0016/01/29 00:00:00
0015/07/22 00:00:00,고령인구수,ST02,2007,7689,02-2100-3128,admin,"자치행정과, 정보통신담당관실",지역통계>주제별>인구·가구>주민등록인구통계>동읍면/5세별주민등록인구,인,STTS000111,2007,admin,2644000000,0016/01/29 00:00:00
0015/07/22 00:00:00,고령인구수,ST02,2007,20246,02-2100-3128,admin,"자치행정과, 정보통신담당관실",지역통계>주제별>인구·가구>주민등록인구통계>동읍면/5세별주민등록인구,인,STTS000111,2007,admin,2647000000,0016/01/29 00:00:00
0015/07/22 00:00:00,고령인구수,ST02,2007,18794,02-2100-3128,admin,"자치행정과, 정보통신담당관실",지역통계>주제별>인구·가구>주민등록인구통계>동읍면/5세별주민등록인구,인,STTS000111,2007,admin,2650000000,0016/01/29 00:00:00
0015/07/22 00:00:00,고령인구수,ST02,2007,19220,02-2100-3128,admin,"자치행정과, 정보통신담당관실",지역통계>주제별>인구·가구>주민등록인구통계>동읍면/5세별주민등록인구,인,STTS000111,2007,admin,2653000000,0016/01/29 00:00:00
0015/07/22 00:00:00,고령인구수,ST02,2007,10153,02-2100-3128,admin,"자치행정과, 정보통신담당관실",지역통계>주제별>인구·가구>주민등록인구통계>동읍면/5세별주민등록인구,인,STTS000111,2007,admin,2671000000,0016/01/29 00:00:00
0015/07/22 00:00:00,고령인구수,ST02,2007,220980,02-2100-3128,admin,"자치행정과, 정보통신담당관실",지역통계>주제별>인구·가구>주민등록인구통계>동읍면/5세별주민등록인구,인,STTS000111,2007,admin,2700000000,0016/01/29 00:00:00
0015/07/22 00:00:00,고령인구수,ST02,2007,11237,02-2100-3128,admin,"자치행정과, 정보통신담당관실",지역통계>주제별>인구·가구>주민등록인구통계>동읍면/5세별주민등록인구,인,STTS000111,2007,admin,2711000000,0016/01/29 00:00:00
0015/07/22 00:00:00,고령인구수,ST02,2007,36016,02-2100-3128,admin,"자치행정과, 정보통신담당관실",지역통계>주제별>인구·가구>주민등록인구통계>동읍면/5세별주민등록인구,인,STTS000111,2007,admin,2714000000,0016/01/29 00:00:00
0015/07/22 00:00:00,고령인구수,ST02,2007,22078,02-2100-3128,admin,"자치행정과, 정보통신담당관실",지역통계>주제별>인구·가구>주민등록인구통계>동읍면/5세별주민등록인구,인,STTS000111,2007,admin,2717000000,0016/01/29 00:00:00
0015/07/22 00:00:00,고령인구수,ST02,2007,21477,02-2100-3128,admin,"자치행정과, 정보통신담당관실",지역통계>주제별>인구·가구>주민등록인구통계>동읍면/5세별주민등록인구,인,STTS000111,2007,admin,2720000000,0016/01/29 00:00:00
0015/07/22 00:00:00,고령인구수,ST02,2007,35167,02-2100-3128,admin,"자치행정과, 정보통신담당관실",지역통계>주제별>인구·가구>주민등록인구통계>동읍면/5세별주민등록인구,인,STTS000111,2007,admin,2723000000,0016/01/29 00:00:00
0015/07/22 00:00:00,고령인구수,ST02,2007,39353,02-2100-3128,admin,"자치행정과, 정보통신담당관실",지역통계>주제별>인구·가구>주민등록인구통계>동읍면/5세별주민등록인구,인,STTS000111,2007,admin,2726000000,0016/01/29 00:00:00
0015/07/22 00:00:00,고령인구수,ST02,2007,40128,02-2100-3128,admin,"자치행정과, 정보통신담당관실",지역통계>주제별>인구·가구>주민등록인구통계>동읍면/5세별주민등록인구,인,STTS000111,2007,admin,2729000000,0016/01/29 00:00:00
0015/07/22 00:00:00,고령인구수,ST02,2007,15524,02-2100-3128,admin,"자치행정과, 정보통신담당관실",지역통계>주제별>인구·가구>주민등록인구통계>동읍면/5세별주민등록인구,인,STTS000111,2007,admin,2771000000,0016/01/29 00:00:00
0015/07/22 00:00:00,고령인구수,ST02,2007,204880,02-2100-3128,admin,"자치행정과, 정보통신담당관실",지역통계>주제별>인구·가구>주민등록인구통계>동읍면/5세별주민등록인구,인,STTS000111,2007,admin,2800000000,0016/01/29 00:00:00
0015/07/22 00:00:00,고령인구수,ST02,2007,9704,02-2100-3128,admin,"자치행정과, 정보통신담당관실",지역통계>주제별>인구·가구>주민등록인구통계>동읍면/5세별주민등록인구,인,STTS000111,2007,admin,2811000000,0016/01/29 00:00:00
0015/07/22 00:00:00,고령인구수,ST02,2007,8884,02-2100-3128,admin,"자치행정과, 정보통신담당관실",지역통계>주제별>인구·가구>주민등록인구통계>동읍면/5세별주민등록인구,인,STTS000111,2007,admin,2814000000,0016/01/29 00:00:00
0015/07/22 00:00:00,고령인구수,ST02,2007,37857,02-2100-3128,admin,"자치행정과, 정보통신담당관실",지역통계>주제별>인구·가구>주민등록인구통계>동읍면/5세별주민등록인구,인,STTS000111,2007,admin,2817000000,0016/01/29 00:00:00
0015/07/22 00:00:00,고령인구수,ST02,2007,16840,02-2100-3128,admin,"자치행정과, 정보통신담당관실",지역통계>주제별>인구·가구>주민등록인구통계>동읍면/5세별주민등록인구,인,STTS000111,2007,admin,2818500000,0016/01/29 00:00:00
0015/07/22 00:00:00,고령인구수,ST02,2007,29011,02-2100-3128,admin,"자치행정과, 정보통신담당관실",지역통계>주제별>인구·가구>주민등록인구통계>동읍면/5세별주민등록인구,인,STTS000111,2007,admin,2820000000,0016/01/29 00:00:00
0015/07/22 00:00:00,고령인구수,ST02,2007,41244,02-2100-3128,admin,"자치행정과, 정보통신담당관실",지역통계>주제별>인구·가구>주민등록인구통계>동읍면/5세별주민등록인구,인,STTS000111,2007,admin,2823700000,0016/01/29 00:00:00
0015/07/22 00:00:00,고령인구수,ST02,2007,19614,02-2100-3128,admin,"자치행정과, 정보통신담당관실",지역통계>주제별>인구·가구>주민등록인구통계>동읍면/5세별주민등록인구,인,STTS000111,2007,admin,2824500000,0016/01/29 00:00:00
0015/07/22 00:00:00,고령인구수,ST02,2007,24019,02-2100-3128,admin,"자치행정과, 정보통신담당관실",지역통계>주제별>인구·가구>주민등록인구통계>동읍면/5세별주민등록인구,인,STTS000111,2007,admin,2826000000,0016/01/29 00:00:00
0015/07/22 00:00:00,고령인구수,ST02,2007,14477,02-2100-3128,admin,"자치행정과, 정보통신담당관실",지역통계>주제별>인구·가구>주민등록인구통계>동읍면/5세별주민등록인구,인,STTS000111,2007,admin,2871000000,0016/01/29 00:00:00
0015/07/22 00:00:00,고령인구수,ST02,2007,3230,02-2100-3128,admin,"자치행정과, 정보통신담당관실",지역통계>주제별>인구·가구>주민등록인구통계>동읍면/5세별주민등록인구,인,STTS000111,2007,admin,2872000000,0016/01/29 00:00:00
0015/07/22 00:00:00,고령인구수,ST02,2007,113823,02-2100-3128,admin,"자치행정과, 정보통신담당관실",지역통계>주제별>인구·가구>주민등록인구통계>동읍면/5세별주민등록인구,인,STTS000111,2007,admin,2900000000,0016/01/29 00:00:00
0015/07/22 00:00:00,고령인구수,ST02,2007,14545,02-2100-3128,admin,"자치행정과, 정보통신담당관실",지역통계>주제별>인구·가구>주민등록인구통계>동읍면/5세별주민등록인구,인,STTS000111,2007,admin,2911000000,0016/01/29 00:00:00
0015/07/22 00:00:00,고령인구수,ST02,2007,22625,02-2100-3128,admin,"자치행정과, 정보통신담당관실",지역통계>주제별>인구·가구>주민등록인구통계>동읍면/5세별주민등록인구,인,STTS000111,2007,admin,2914000000,0016/01/29 00:00:00
0015/07/22 00:00:00,고령인구수,ST02,2007,20505,02-2100-3128,admin,"자치행정과, 정보통신담당관실",지역통계>주제별>인구·가구>주민등록인구통계>동읍면/5세별주민등록인구,인,STTS000111,2007,admin,2915500000,0016/01/29 00:00:00
0015/07/22 00:00:00,고령인구수,ST02,2007,35735,02-2100-3128,admin,"자치행정과, 정보통신담당관실",지역통계>주제별>인구·가구>주민등록인구통계>동읍면/5세별주민등록인구,인,STTS000111,2007,admin,2917000000,0016/01/29 00:00:00
0015/07/22 00:00:00,고령인구수,ST02,2007,20413,02-2100-3128,admin,"자치행정과, 정보통신담당관실",지역통계>주제별>인구·가구>주민등록인구통계>동읍면/5세별주민등록인구,인,STTS000111,2007,admin,2920000000,0016/01/29 00:00:00
0015/07/22 00:00:00,고령인구수,ST02,2007,113994,02-2100-3128,admin,"자치행정과, 정보통신담당관실",지역통계>주제별>인구·가구>주민등록인구통계>동읍면/5세별주민등록인구,인,STTS000111,2007,admin,3000000000,0016/01/29 00:00:00
0015/07/22 00:00:00,고령인구수,ST02,2007,24810,02-2100-3128,admin,"자치행정과, 정보통신담당관실",지역통계>주제별>인구·가구>주민등록인구통계>동읍면/5세별주민등록인구,인,STTS000111,2007,admin,3011000000,0016/01/29 00:00:00
0015/07/22 00:00:00,고령인구수,ST02,2007,25952,02-2100-3128,admin,"자치행정과, 정보통신담당관실",지역통계>주제별>인구·가구>주민등록인구통계>동읍면/5세별주민등록인구,인,STTS000111,2007,admin,3014000000,0016/01/29 00:00:00
0015/07/22 00:00:00,고령인구수,ST02,2007,32741,02-2100-3128,admin,"자치행정과, 정보통신담당관실",지역통계>주제별>인구·가구>주민등록인구통계>동읍면/5세별주민등록인구,인,STTS000111,2007,admin,3017000000,0016/01/29 00:00:00
0015/07/22 00:00:00,고령인구수,ST02,2007,15040,02-2100-3128,admin,"자치행정과, 정보통신담당관실",지역통계>주제별>인구·가구>주민등록인구통계>동읍면/5세별주민등록인구,인,STTS000111,2007,admin,3020000000,0016/01/29 00:00:00
0015/07/22 00:00:00,고령인구수,ST02,2007,15451,02-2100-3128,admin,"자치행정과, 정보통신담당관실",지역통계>주제별>인구·가구>주민등록인구통계>동읍면/5세별주민등록인구,인,STTS000111,2007,admin,3023000000,0016/01/29 00:00:00
0015/07/22 00:00:00,고령인구수,ST02,2007,66173,02-2100-3128,admin,"자치행정과, 정보통신담당관실",지역통계>주제별>인구·가구>주민등록인구통계>동읍면/5세별주민등록인구,인,STTS000111,2007,admin,3100000000,0016/01/29 00:00:00
0015/07/22 00:00:00,고령인구수,ST02,2007,15457,02-2100-3128,admin,"자치행정과, 정보통신담당관실",지역통계>주제별>인구·가구>주민등록인구통계>동읍면/5세별주민등록인구,인,STTS000111,2007,admin,3111000000,0016/01/29 00:00:00
0015/07/22 00:00:00,고령인구수,ST02,2007,17142,02-2100-3128,admin,"자치행정과, 정보통신담당관실",지역통계>주제별>인구·가구>주민등록인구통계>동읍면/5세별주민등록인구,인,STTS000111,2007,admin,3114000000,0016/01/29 00:00:00
0015/07/22 00:00:00,고령인구수,ST02,2007,7975,02-2100-3128,admin,"자치행정과, 정보통신담당관실",지역통계>주제별>인구·가구>주민등록인구통계>동읍면/5세별주민등록인구,인,STTS000111,2007,admin,3117000000,0016/01/29 00:00:00
0015/07/22 00:00:00,고령인구수,ST02,2007,7915,02-2100-3128,admin,"자치행정과, 정보통신담당관실",지역통계>주제별>인구·가구>주민등록인구통계>동읍면/5세별주민등록인구,인,STTS000111,2007,admin,3120000000,0016/01/29 00:00:00
0015/07/22 00:00:00,고령인구수,ST02,2007,17684,02-2100-3128,admin,"자치행정과, 정보통신담당관실",지역통계>주제별>인구·가구>주민등록인구통계>동읍면/5세별주민등록인구,인,STTS000111,2007,admin,3171000000,0016/01/29 00:00:00
0015/07/22 00:00:00,고령인구수,ST02,2007,,02-2100-3128,admin,"자치행정과, 정보통신담당관실",지역통계>주제별>인구·가구>주민등록인구통계>동읍면/5세별주민등록인구,인,STTS000111,2007,admin,3611000000,0016/01/29 00:00:00
0015/07/22 00:00:00,고령인구수,ST02,2007,871191,02-2100-3128,admin,"자치행정과, 정보통신담당관실",지역통계>주제별>인구·가구>주민등록인구통계>동읍면/5세별주민등록인구,인,STTS000111,2007,admin,4100000000,0016/01/29 00:00:00
0015/07/22 00:00:00,고령인구수,ST02,2007,66100,02-2100-3128,admin,"자치행정과, 정보통신담당관실",지역통계>주제별>인구·가구>주민등록인구통계>동읍면/5세별주민등록인구,인,STTS000111,2007,admin,4111000000,0016/01/29 00:00:00
0015/07/22 00:00:00,고령인구수,ST02,2007,71018,02-2100-3128,admin,"자치행정과, 정보통신담당관실",지역통계>주제별>인구·가구>주민등록인구통계>동읍면/5세별주민등록인구,인,STTS000111,2007,admin,4113000000,0016/01/29 00:00:00
0015/07/22 00:00:00,고령인구수,ST02,2007,35340,02-2100-3128,admin,"자치행정과, 정보통신담당관실",지역통계>주제별>인구·가구>주민등록인구통계>동읍면/5세별주민등록인구,인,STTS000111,2007,admin,4115000000,0016/01/29 00:00:00
0015/07/22 00:00:00,고령인구수,ST02,2007,43092,02-2100-3128,admin,"자치행정과, 정보통신담당관실",지역통계>주제별>인구·가구>주민등록인구통계>동읍면/5세별주민등록인구,인,STTS000111,2007,admin,4117000000,0016/01/29 00:00:00
0015/07/22 00:00:00,고령인구수,ST02,2007,55799,02-2100-3128,admin,"자치행정과, 정보통신담당관실",지역통계>주제별>인구·가구>주민등록인구통계>동읍면/5세별주민등록인구,인,STTS000111,2007,admin,4119000000,0016/01/29 00:00:00
0015/07/22 00:00:00,고령인구수,ST02,2007,23546,02-2100-3128,admin,"자치행정과, 정보통신담당관실",지역통계>주제별>인구·가구>주민등록인구통계>동읍면/5세별주민등록인구,인,STTS000111,2007,admin,4121000000,0016/01/29 00:00:00
0015/07/22 00:00:00,고령인구수,ST02,2007,36928,02-2100-3128,admin,"자치행정과, 정보통신담당관실",지역통계>주제별>인구·가구>주민등록인구통계>동읍면/5세별주민등록인구,인,STTS000111,2007,admin,4122000000,0016/01/29 00:00:00
0015/07/22 00:00:00,고령인구수,ST02,2007,10352,02-2100-3128,admin,"자치행정과, 정보통신담당관실",지역통계>주제별>인구·가구>주민등록인구통계>동읍면/5세별주민등록인구,인,STTS000111,2007,admin,4125000000,0016/01/29 00:00:00
0015/07/22 00:00:00,고령인구수,ST02,2007,39525,02-2100-3128,admin,"자치행정과, 정보통신담당관실",지역통계>주제별>인구·가구>주민등록인구통계>동읍면/5세별주민등록인구,인,STTS000111,2007,admin,4127000000,0016/01/29 00:00:00
0015/07/22 00:00:00,고령인구수,ST02,2007,75203,02-2100-3128,admin,"자치행정과, 정보통신담당관실",지역통계>주제별>인구·가구>주민등록인구통계>동읍면/5세별주민등록인구,인,STTS000111,2007,admin,4128000000,0016/01/29 00:00:00
0015/07/22 00:00:00,고령인구수,ST02,2007,5390,02-2100-3128,admin,"자치행정과, 정보통신담당관실",지역통계>주제별>인구·가구>주민등록인구통계>동읍면/5세별주민등록인구,인,STTS000111,2007,admin,4129000000,0016/01/29 00:00:00
0015/07/22 00:00:00,고령인구수,ST02,2007,13655,02-2100-3128,admin,"자치행정과, 정보통신담당관실",지역통계>주제별>인구·가구>주민등록인구통계>동읍면/5세별주민등록인구,인,STTS000111,2007,admin,4131000000,0016/01/29 00:00:00
0015/07/22 00:00:00,고령인구수,ST02,2007,41305,02-2100-3128,admin,"자치행정과, 정보통신담당관실",지역통계>주제별>인구·가구>주민등록인구통계>동읍면/5세별주민등록인구,인,STTS000111,2007,admin,4136000000,0016/01/29 00:00:00
0015/07/22 00:00:00,고령인구수,ST02,2007,8071,02-2100-3128,admin,"자치행정과, 정보통신담당관실",지역통계>주제별>인구·가구>주민등록인구통계>동읍면/5세별주민등록인구,인,STTS000111,2007,admin,4137000000,0016/01/29 00:00:00
0015/07/22 00:00:00,고령인구수,ST02,2007,21800,02-2100-3128,admin,"자치행정과, 정보통신담당관실",지역통계>주제별>인구·가구>주민등록인구통계>동읍면/5세별주민등록인구,인,STTS000111,2007,admin,4139000000,0016/01/29 00:00:00
0015/07/22 00:00:00,고령인구수,ST02,2007,19235,02-2100-3128,admin,"자치행정과, 정보통신담당관실",지역통계>주제별>인구·가구>주민등록인구통계>동읍면/5세별주민등록인구,인,STTS000111,2007,admin,4141000000,0016/01/29 00:00:00
0015/07/22 00:00:00,고령인구수,ST02,2007,10298,02-2100-3128,admin,"자치행정과, 정보통신담당관실",지역통계>주제별>인구·가구>주민등록인구통계>동읍면/5세별주민등록인구,인,STTS000111,2007,admin,4143000000,0016/01/29 00:00:00
0015/07/22 00:00:00,고령인구수,ST02,2007,11213,02-2100-3128,admin,"자치행정과, 정보통신담당관실",지역통계>주제별>인구·가구>주민등록인구통계>동읍면/5세별주민등록인구,인,STTS000111,2007,admin,4145000000,0016/01/29 00:00:00
0015/07/22 00:00:00,고령인구수,ST02,2007,61614,02-2100-3128,admin,"자치행정과, 정보통신담당관실",지역통계>주제별>인구·가구>주민등록인구통계>동읍면/5세별주민등록인구,인,STTS000111,2007,admin,4146000000,0016/01/29 00:00:00
0015/07/22 00:00:00,고령인구수,ST02,2007,32295,02-2100-3128,admin,"자치행정과, 정보통신담당관실",지역통계>주제별>인구·가구>주민등록인구통계>동읍면/5세별주민등록인구,인,STTS000111,2007,admin,4148000000,0016/01/29 00:00:00
0015/07/22 00:00:00,고령인구수,ST02,2007,18621,02-2100-3128,admin,"자치행정과, 정보통신담당관실",지역통계>주제별>인구·가구>주민등록인구통계>동읍면/5세별주민등록인구,인,STTS000111,2007,admin,4150000000,0016/01/29 00:00:00
0015/07/22 00:00:00,고령인구수,ST02,2007,19571,02-2100-3128,admin,"자치행정과, 정보통신담당관실",지역통계>주제별>인구·가구>주민등록인구통계>동읍면/5세별주민등록인구,인,STTS000111,2007,admin,4155000000,0016/01/29 00:00:00
0015/07/22 00:00:00,고령인구수,ST02,2007,19385,02-2100-3128,admin,"자치행정과, 정보통신담당관실",지역통계>주제별>인구·가구>주민등록인구통계>동읍면/5세별주민등록인구,인,STTS000111,2007,admin,4157000000,0016/01/29 00:00:00
0015/07/22 00:00:00,고령인구수,ST02,2007,30581,02-2100-3128,admin,"자치행정과, 정보통신담당관실",지역통계>주제별>인구·가구>주민등록인구통계>동읍면/5세별주민등록인구,인,STTS000111,2007,admin,4159000000,0016/01/29 00:00:00
0015/07/22 00:00:00,고령인구수,ST02,2007,18618,02-2100-3128,admin,"자치행정과, 정보통신담당관실",지역통계>주제별>인구·가구>주민등록인구통계>동읍면/5세별주민등록인구,인,STTS000111,2007,admin,4161000000,0016/01/29 00:00:00
0015/07/22 00:00:00,고령인구수,ST02,2007,16390,02-2100-3128,admin,"자치행정과, 정보통신담당관실",지역통계>주제별>인구·가구>주민등록인구통계>동읍면/5세별주민등록인구,인,STTS000111,2007,admin,4163000000,0016/01/29 00:00:00
0015/07/22 00:00:00,고령인구수,ST02,2007,18255,02-2100-3128,admin,"자치행정과, 정보통신담당관실",지역통계>주제별>인구·가구>주민등록인구통계>동읍면/5세별주민등록인구,인,STTS000111,2007,admin,4165000000,0016/01/29 00:00:00
0015/07/22 00:00:00,고령인구수,ST02,2007,14891,02-2100-3128,admin,"자치행정과, 정보통신담당관실",지역통계>주제별>인구·가구>주민등록인구통계>동읍면/5세별주민등록인구,인,STTS000111,2007,admin,4173000000,0016/01/29 00:00:00
0015/07/22 00:00:00,고령인구수,ST02,2007,7971,02-2100-3128,admin,"자치행정과, 정보통신담당관실",지역통계>주제별>인구·가구>주민등록인구통계>동읍면/5세별주민등록인구,인,STTS000111,2007,admin,4180000000,0016/01/29 00:00:00
0015/07/22 00:00:00,고령인구수,ST02,2007,9738,02-2100-3128,admin,"자치행정과, 정보통신담당관실",지역통계>주제별>인구·가구>주민등록인구통계>동읍면/5세별주민등록인구,인,STTS000111,2007,admin,4182000000,0016/01/29 00:00:00
0015/07/22 00:00:00,고령인구수,ST02,2007,15391,02-2100-3128,admin,"자치행정과, 정보통신담당관실",지역통계>주제별>인구·가구>주민등록인구통계>동읍면/5세별주민등록인구,인,STTS000111,2007,admin,4183000000,0016/01/29 00:00:00
0015/07/22 00:00:00,고령인구수,ST02,2007,202198,02-2100-3128,admin,"자치행정과, 정보통신담당관실",지역통계>주제별>인구·가구>주민등록인구통계>동읍면/5세별주민등록인구,인,STTS000111,2007,admin,4200000000,0016/01/29 00:00:00
0015/07/22 00:00:00,고령인구수,ST02,2007,30916,02-2100-3128,admin,"자치행정과, 정보통신담당관실",지역통계>주제별>인구·가구>주민등록인구통계>동읍면/5세별주민등록인구,인,STTS000111,2007,admin,4211000000,0016/01/29 00:00:00
0015/07/22 00:00:00,고령인구수,ST02,2007,30942,02-2100-3128,admin,"자치행정과, 정보통신담당관실",지역통계>주제별>인구·가구>주민등록인구통계>동읍면/5세별주민등록인구,인,STTS000111,2007,admin,4213000000,0016/01/29 00:00:00
0015/07/22 00:00:00,고령인구수,ST02,2007,27746,02-2100-3128,admin,"자치행정과, 정보통신담당관실",지역통계>주제별>인구·가구>주민등록인구통계>동읍면/5세별주민등록인구,인,STTS000111,2007,admin,4215000000,0016/01/29 00:00:00
0015/07/22 00:00:00,고령인구수,ST02,2007,11147,02-2100-3128,admin,"자치행정과, 정보통신담당관실",지역통계>주제별>인구·가구>주민등록인구통계>동읍면/5세별주민등록인구,인,STTS000111,2007,admin,4217000000,0016/01/29 00:00:00
0015/07/22 00:00:00,고령인구수,ST02,2007,6326,02-2100-3128,admin,"자치행정과, 정보통신담당관실",지역통계>주제별>인구·가구>주민등록인구통계>동읍면/5세별주민등록인구,인,STTS000111,2007,admin,4219000000,0016/01/29 00:00:00
0015/07/22 00:00:00,고령인구수,ST02,2007,9432,02-2100-3128,admin,"자치행정과, 정보통신담당관실",지역통계>주제별>인구·가구>주민등록인구통계>동읍면/5세별주민등록인구,인,STTS000111,2007,admin,4221000000,0016/01/29 00:00:00
0015/07/22 00:00:00,고령인구수,ST02,2007,11773,02-2100-3128,admin,"자치행정과, 정보통신담당관실",지역통계>주제별>인구·가구>주민등록인구통계>동읍면/5세별주민등록인구,인,STTS000111,2007,admin,4223000000,0016/01/29 00:00:00
0015/07/22 00:00:00,고령인구수,ST02,2007,12130,02-2100-3128,admin,"자치행정과, 정보통신담당관실",지역통계>주제별>인구·가구>주민등록인구통계>동읍면/5세별주민등록인구,인,STTS000111,2007,admin,4272000000,0016/01/29 00:00:00
0015/07/22 00:00:00,고령인구수,ST02,2007,8794,02-2100-3128,admin,"자치행정과, 정보통신담당관실",지역통계>주제별>인구·가구>주민등록인구통계>동읍면/5세별주민등록인구,인,STTS000111,2007,admin,4273000000,0016/01/29 00:00:00
0015/07/22 00:00:00,고령인구수,ST02,2007,8108,02-2100-3128,admin,"자치행정과, 정보통신담당관실",지역통계>주제별>인구·가구>주민등록인구통계>동읍면/5세별주민등록인구,인,STTS000111,2007,admin,4275000000,0016/01/29 00:00:00
0015/07/22 00:00:00,고령인구수,ST02,2007,7754,02-2100-3128,admin,"자치행정과, 정보통신담당관실",지역통계>주제별>인구·가구>주민등록인구통계>동읍면/5세별주민등록인구,인,STTS000111,2007,admin,4276000000,0016/01/29 00:00:00
0015/07/22 00:00:00,고령인구수,ST02,2007,7037,02-2100-3128,admin,"자치행정과, 정보통신담당관실",지역통계>주제별>인구·가구>주민등록인구통계>동읍면/5세별주민등록인구,인,STTS000111,2007,admin,4277000000,0016/01/29 00:00:00
0015/07/22 00:00:00,고령인구수,ST02,2007,6970,02-2100-3128,admin,"자치행정과, 정보통신담당관실",지역통계>주제별>인구·가구>주민등록인구통계>동읍면/5세별주민등록인구,인,STTS000111,2007,admin,4278000000,0016/01/29 00:00:00
0015/07/22 00:00:00,고령인구수,ST02,2007,3969,02-2100-3128,admin,"자치행정과, 정보통신담당관실",지역통계>주제별>인구·가구>주민등록인구통계>동읍면/5세별주민등록인구,인,STTS000111,2007,admin,4279000000,0016/01/29 00:00:00
0015/07/22 00:00:00,고령인구수,ST02,2007,3415,02-2100-3128,admin,"자치행정과, 정보통신담당관실",지역통계>주제별>인구·가구>주민등록인구통계>동읍면/5세별주민등록인구,인,STTS000111,2007,admin,4280000000,0016/01/29 00:00:00
0015/07/22 00:00:00,고령인구수,ST02,2007,4735,02-2100-3128,admin,"자치행정과, 정보통신담당관실",지역통계>주제별>인구·가구>주민등록인구통계>동읍면/5세별주민등록인구,인,STTS000111,2007,admin,4281000000,0016/01/29 00:00:00
0015/07/22 00:00:00,고령인구수,ST02,2007,5694,02-2100-3128,admin,"자치행정과, 정보통신담당관실",지역통계>주제별>인구·가구>주민등록인구통계>동읍면/5세별주민등록인구,인,STTS000111,2007,admin,4282000000,0016/01/29 00:00:00
0015/07/22 00:00:00,고령인구수,ST02,2007,5310,02-2100-3128,admin,"자치행정과, 정보통신담당관실",지역통계>주제별>인구·가구>주민등록인구통계>동읍면/5세별주민등록인구,인,STTS000111,2007,admin,4283000000,0016/01/29 00:00:00
0015/07/22 00:00:00,고령인구수,ST02,2007,186223,02-2100-3128,admin,"자치행정과, 정보통신담당관실",지역통계>주제별>인구·가구>주민등록인구통계>동읍면/5세별주민등록인구,인,STTS000111,2007,admin,4300000000,0016/01/29 00:00:00
0015/07/22 00:00:00,고령인구수,ST02,2007,46436,02-2100-3128,admin,"자치행정과, 정보통신담당관실",지역통계>주제별>인구·가구>주민등록인구통계>동읍면/5세별주민등록인구,인,STTS000111,2007,admin,4311000000,0016/01/29 00:00:00
0015/07/22 00:00:00,고령인구수,ST02,2007,27329,02-2100-3128,admin,"자치행정과, 정보통신담당관실",지역통계>주제별>인구·가구>주민등록인구통계>동읍면/5세별주민등록인구,인,STTS000111,2007,admin,4313000000,0016/01/29 00:00:00
0015/07/22 00:00:00,고령인구수,ST02,2007,18375,02-2100-3128,admin,"자치행정과, 정보통신담당관실",지역통계>주제별>인구·가구>주민등록인구통계>동읍면/5세별주민등록인구,인,STTS000111,2007,admin,4315000000,0016/01/29 00:00:00
0015/07/22 00:00:00,고령인구수,ST02,2007,20261,02-2100-3128,admin,"자치행정과, 정보통신담당관실",지역통계>주제별>인구·가구>주민등록인구통계>동읍면/5세별주민등록인구,인,STTS000111,2007,admin,4371000000,0016/01/29 00:00:00
0015/07/22 00:00:00,고령인구수,ST02,2007,9072,02-2100-3128,admin,"자치행정과, 정보통신담당관실",지역통계>주제별>인구·가구>주민등록인구통계>동읍면/5세별주민등록인구,인,STTS000111,2007,admin,4372000000,0016/01/29 00:00:00
0015/07/22 00:00:00,고령인구수,ST02,2007,10972,02-2100-3128,admin,"자치행정과, 정보통신담당관실",지역통계>주제별>인구·가구>주민등록인구통계>동읍면/5세별주민등록인구,인,STTS000111,2007,admin,4373000000,0016/01/29 00:00:00
0015/07/22 00:00:00,고령인구수,ST02,2007,11509,02-2100-3128,admin,"자치행정과, 정보통신담당관실",지역통계>주제별>인구·가구>주민등록인구통계>동읍면/5세별주민등록인구,인,STTS000111,2007,admin,4374000000,0016/01/29 00:00:00
0015/07/22 00:00:00,고령인구수,ST02,2007,3837,02-2100-3128,admin,"자치행정과, 정보통신담당관실",지역통계>주제별>인구·가구>주민등록인구통계>동읍면/5세별주민등록인구,인,STTS000111,2007,admin,4374500000,0016/01/29 00:00:00
0015/07/22 00:00:00,고령인구수,ST02,2007,8881,02-2100-3128,admin,"자치행정과, 정보통신담당관실",지역통계>주제별>인구·가구>주민등록인구통계>동읍면/5세별주민등록인구,인,STTS000111,2007,admin,4375000000,0016/01/29 00:00:00
0015/07/22 00:00:00,고령인구수,ST02,2007,9810,02-2100-3128,admin,"자치행정과, 정보통신담당관실",지역통계>주제별>인구·가구>주민등록인구통계>동읍면/5세별주민등록인구,인,STTS000111,2007,admin,4376000000,0016/01/29 00:00:00
0015/07/22 00:00:00,고령인구수,ST02,2007,13156,02-2100-3128,admin,"자치행정과, 정보통신담당관실",지역통계>주제별>인구·가구>주민등록인구통계>동읍면/5세별주민등록인구,인,STTS000111,2007,admin,4377000000,0016/01/29 00:00:00
0015/07/22 00:00:00,고령인구수,ST02,2007,6585,02-2100-3128,admin,"자치행정과, 정보통신담당관실",지역통계>주제별>인구·가구>주민등록인구통계>동읍면/5세별주민등록인구,인,STTS000111,2007,admin,4380000000,0016/01/29 00:00:00
0015/07/22 00:00:00,고령인구수,ST02,2007,285562,02-2100-3128,admin,"자치행정과, 정보통신담당관실",지역통계>주제별>인구·가구>주민등록인구통계>동읍면/5세별주민등록인구,인,STTS000111,2007,admin,4400000000,0016/01/29 00:00:00
0015/07/22 00:00:00,고령인구수,ST02,2007,39179,02-2100-3128,admin,"자치행정과, 정보통신담당관실",지역통계>주제별>인구·가구>주민등록인구통계>동읍면/5세별주민등록인구,인,STTS000111,2007,admin,4413000000,0016/01/29 00:00:00
0015/07/22 00:00:00,고령인구수,ST02,2007,21370,02-2100-3128,admin,"자치행정과, 정보통신담당관실",지역통계>주제별>인구·가구>주민등록인구통계>동읍면/5세별주민등록인구,인,STTS000111,2007,admin,4415000000,0016/01/29 00:00:00
0015/07/22 00:00:00,고령인구수,ST02,2007,17916,02-2100-3128,admin,"자치행정과, 정보통신담당관실",지역통계>주제별>인구·가구>주민등록인구통계>동읍면/5세별주민등록인구,인,STTS000111,2007,admin,4418000000,0016/01/29 00:00:00
0015/07/22 00:00:00,고령인구수,ST02,2007,24408,02-2100-3128,admin,"자치행정과, 정보통신담당관실",지역통계>주제별>인구·가구>주민등록인구통계>동읍면/5세별주민등록인구,인,STTS000111,2007,admin,4420000000,0016/01/29 00:00:00
0015/07/22 00:00:00,고령인구수,ST02,2007,21002,02-2100-3128,admin,"자치행정과, 정보통신담당관실",지역통계>주제별>인구·가구>주민등록인구통계>동읍면/5세별주민등록인구,인,STTS000111,2007,admin,4421000000,0016/01/29 00:00:00
0015/07/22 00:00:00,고령인구수,ST02,2007,23288,02-2100-3128,admin,"자치행정과, 정보통신담당관실",지역통계>주제별>인구·가구>주민등록인구통계>동읍면/5세별주민등록인구,인,STTS000111,2007,admin,4423000000,0016/01/29 00:00:00
0015/07/22 00:00:00,고령인구수,ST02,2007,2539,02-2100-3128,admin,"자치행정과, 정보통신담당관실",지역통계>주제별>인구·가구>주민등록인구통계>동읍면/5세별주민등록인구,인,STTS000111,2007,admin,4425000000,0016/01/29 00:00:00
0015/07/22 00:00:00,고령인구수,ST02,2007,12401,02-2100-3128,admin,"자치행정과, 정보통신담당관실",지역통계>주제별>인구·가구>주민등록인구통계>동읍면/5세별주민등록인구,인,STTS000111,2007,admin,4471000000,0016/01/29 00:00:00
0015/07/22 00:00:00,고령인구수,ST02,2007,12690,02-2100-3128,admin,"자치행정과, 정보통신담당관실",지역통계>주제별>인구·가구>주민등록인구통계>동읍면/5세별주민등록인구,인,STTS000111,2007,admin,4473000000,0016/01/29 00:00:00
0015/07/22 00:00:00,고령인구수,ST02,2007,18132,02-2100-3128,admin,"자치행정과, 정보통신담당관실",지역통계>주제별>인구·가구>주민등록인구통계>동읍면/5세별주민등록인구,인,STTS000111,2007,admin,4476000000,0016/01/29 00:00:00
0015/07/22 00:00:00,고령인구수,ST02,2007,14954,02-2100-3128,admin,"자치행정과, 정보통신담당관실",지역통계>주제별>인구·가구>주민등록인구통계>동읍면/5세별주민등록인구,인,STTS000111,2007,admin,4477000000,0016/01/29 00:00:00
0015/07/22 00:00:00,고령인구수,ST02,2007,8996,02-2100-3128,admin,"자치행정과, 정보통신담당관실",지역통계>주제별>인구·가구>주민등록인구통계>동읍면/5세별주민등록인구,인,STTS000111,2007,admin,4479000000,0016/01/29 00:00:00
0015/07/22 00:00:00,고령인구수,ST02,2007,17006,02-2100-3128,admin,"자치행정과, 정보통신담당관실",지역통계>주제별>인구·가구>주민등록인구통계>동읍면/5세별주민등록인구,인,STTS000111,2007,admin,4480000000,0016/01/29 00:00:00
0015/07/22 00:00:00,고령인구수,ST02,2007,18190,02-2100-3128,admin,"자치행정과, 정보통신담당관실",지역통계>주제별>인구·가구>주민등록인구통계>동읍면/5세별주민등록인구,인,STTS000111,2007,admin,4481000000,0016/01/29 00:00:00
0015/07/22 00:00:00,고령인구수,ST02,2007,12190,02-2100-3128,admin,"자치행정과, 정보통신담당관실",지역통계>주제별>인구·가구>주민등록인구통계>동읍면/5세별주민등록인구,인,STTS000111,2007,admin,4482500000,0016/01/29 00:00:00
0015/07/22 00:00:00,고령인구수,ST02,2007,21301,02-2100-3128,admin,"자치행정과, 정보통신담당관실",지역통계>주제별>인구·가구>주민등록인구통계>동읍면/5세별주민등록인구,인,STTS000111,2007,admin,4483000000,0016/01/29 00:00:00
0015/07/22 00:00:00,고령인구수,ST02,2007,266672,02-2100-3128,admin,"자치행정과, 정보통신담당관실",지역통계>주제별>인구·가구>주민등록인구통계>동읍면/5세별주민등록인구,인,STTS000111,2007,admin,4500000000,0016/01/29 00:00:00
0015/07/22 00:00:00,고령인구수,ST02,2007,55093,02-2100-3128,admin,"자치행정과, 정보통신담당관실",지역통계>주제별>인구·가구>주민등록인구통계>동읍면/5세별주민등록인구,인,STTS000111,2007,admin,4511000000,0016/01/29 00:00:00
0015/07/22 00:00:00,고령인구수,ST02,2007,30319,02-2100-3128,admin,"자치행정과, 정보통신담당관실",지역통계>주제별>인구·가구>주민등록인구통계>동읍면/5세별주민등록인구,인,STTS000111,2007,admin,4513000000,0016/01/29 00:00:00
0015/07/22 00:00:00,고령인구수,ST02,2007,36808,02-2100-3128,admin,"자치행정과, 정보통신담당관실",지역통계>주제별>인구·가구>주민등록인구통계>동읍면/5세별주민등록인구,인,STTS000111,2007,admin,4514000000,0016/01/29 00:00:00
0015/07/22 00:00:00,고령인구수,ST02,2007,23995,02-2100-3128,admin,"자치행정과, 정보통신담당관실",지역통계>주제별>인구·가구>주민등록인구통계>동읍면/5세별주민등록인구,인,STTS000111,2007,admin,4518000000,0016/01/29 00:00:00
0015/07/22 00:00:00,고령인구수,ST02,2007,17511,02-2100-3128,admin,"자치행정과, 정보통신담당관실",지역통계>주제별>인구·가구>주민등록인구통계>동읍면/5세별주민등록인구,인,STTS000111,2007,admin,4519000000,0016/01/29 00:00:00
0015/07/22 00:00:00,고령인구수,ST02,2007,21363,02-2100-3128,admin,"자치행정과, 정보통신담당관실",지역통계>주제별>인구·가구>주민등록인구통계>동읍면/5세별주민등록인구,인,STTS000111,2007,admin,4521000000,0016/01/29 00:00:00
0015/07/22 00:00:00,고령인구수,ST02,2007,14576,02-2100-3128,admin,"자치행정과, 정보통신담당관실",지역통계>주제별>인구·가구>주민등록인구통계>동읍면/5세별주민등록인구,인,STTS000111,2007,admin,4571000000,0016/01/29 00:00:00
0015/07/22 00:00:00,고령인구수,ST02,2007,7339,02-2100-3128,admin,"자치행정과, 정보통신담당관실",지역통계>주제별>인구·가구>주민등록인구통계>동읍면/5세별주민등록인구,인,STTS000111,2007,admin,4572000000,0016/01/29 00:00:00
0015/07/22 00:00:00,고령인구수,ST02,2007,6597,02-2100-3128,admin,"자치행정과, 정보통신담당관실",지역통계>주제별>인구·가구>주민등록인구통계>동읍면/5세별주민등록인구,인,STTS000111,2007,admin,4573000000,0016/01/29 00:00:00
0015/07/22 00:00:00,고령인구수,ST02,2007,6258,02-2100-3128,admin,"자치행정과, 정보통신담당관실",지역통계>주제별>인구·가구>주민등록인구통계>동읍면/5세별주민등록인구,인,STTS000111,2007,admin,4574000000,0016/01/29 00:00:00
0015/07/22 00:00:00,고령인구수,ST02,2007,8732,02-2100-3128,admin,"자치행정과, 정보통신담당관실",지역통계>주제별>인구·가구>주민등록인구통계>동읍면/5세별주민등록인구,인,STTS000111,2007,admin,4575000000,0016/01/29 00:00:00
0015/07/22 00:00:00,고령인구수,ST02,2007,8479,02-2100-3128,admin,"자치행정과, 정보통신담당관실",지역통계>주제별>인구·가구>주민등록인구통계>동읍면/5세별주민등록인구,인,STTS000111,2007,admin,4577000000,0016/01/29 00:00:00
0015/07/22 00:00:00,고령인구수,ST02,2007,15356,02-2100-3128,admin,"자치행정과, 정보통신담당관실",지역통계>주제별>인구·가구>주민등록인구통계>동읍면/5세별주민등록인구,인,STTS000111,2007,admin,4579000000,0016/01/29 00:00:00
0015/07/22 00:00:00,고령인구수,ST02,2007,14246,02-2100-3128,admin,"자치행정과, 정보통신담당관실",지역통계>주제별>인구·가구>주민등록인구통계>동읍면/5세별주민등록인구,인,STTS000111,2007,admin,4580000000,0016/01/29 00:00:00
0015/07/22 00:00:00,고령인구수,ST02,2007,332516,02-2100-3128,admin,"자치행정과, 정보통신담당관실",지역통계>주제별>인구·가구>주민등록인구통계>동읍면/5세별주민등록인구,인,STTS000111,2007,admin,4600000000,0016/01/29 00:00:00
0015/07/22 00:00:00,고령인구수,ST02,2007,21900,02-2100-3128,admin,"자치행정과, 정보통신담당관실",지역통계>주제별>인구·가구>주민등록인구통계>동읍면/5세별주민등록인구,인,STTS000111,2007,admin,4611000000,0016/01/29 00:00:00
0015/07/22 00:00:00,고령인구수,ST02,2007,33552,02-2100-3128,admin,"자치행정과, 정보통신담당관실",지역통계>주제별>인구·가구>주민등록인구통계>동읍면/5세별주민등록인구,인,STTS000111,2007,admin,4613000000,0016/01/29 00:00:00
0015/07/22 00:00:00,고령인구수,ST02,2007,29029,02-2100-3128,admin,"자치행정과, 정보통신담당관실",지역통계>주제별>인구·가구>주민등록인구통계>동읍면/5세별주민등록인구,인,STTS000111,2007,admin,4615000000,0016/01/29 00:00:00
0015/07/22 00:00:00,고령인구수,ST02,2007,20655,02-2100-3128,admin,"자치행정과, 정보통신담당관실",지역통계>주제별>인구·가구>주민등록인구통계>동읍면/5세별주민등록인구,인,STTS000111,2007,admin,4617000000,0016/01/29 00:00:00
0015/07/22 00:00:00,고령인구수,ST02,2007,12621,02-2100-3128,admin,"자치행정과, 정보통신담당관실",지역통계>주제별>인구·가구>주민등록인구통계>동읍면/5세별주민등록인구,인,STTS000111,2007,admin,4623000000,0016/01/29 00:00:00
0015/07/22 00:00:00,고령인구수,ST02,2007,11319,02-2100-3128,admin,"자치행정과, 정보통신담당관실",지역통계>주제별>인구·가구>주민등록인구통계>동읍면/5세별주민등록인구,인,STTS000111,2007,admin,4671000000,0016/01/29 00:00:00
0015/07/22 00:00:00,고령인구수,ST02,2007,9101,02-2100-3128,admin,"자치행정과, 정보통신담당관실",지역통계>주제별>인구·가구>주민등록인구통계>동읍면/5세별주민등록인구,인,STTS000111,2007,admin,4672000000,0016/01/29 00:00:00
0015/07/22 00:00:00,고령인구수,ST02,2007,7187,02-2100-3128,admin,"자치행정과, 정보통신담당관실",지역통계>주제별>인구·가구>주민등록인구통계>동읍면/5세별주민등록인구,인,STTS000111,2007,admin,4673000000,0016/01/29 00:00:00
0015/07/22 00:00:00,고령인구수,ST02,2007,23396,02-2100-3128,admin,"자치행정과, 정보통신담당관실",지역통계>주제별>인구·가구>주민등록인구통계>동읍면/5세별주민등록인구,인,STTS000111,2007,admin,4677000000,0016/01/29 00:00:00
0015/07/22 00:00:00,고령인구수,ST02,2007,14170,02-2100-3128,admin,"자치행정과, 정보통신담당관실",지역통계>주제별>인구·가구>주민등록인구통계>동읍면/5세별주민등록인구,인,STTS000111,2007,admin,4678000000,0016/01/29 00:00:00
0015/07/22 00:00:00,고령인구수,ST02,2007,13415,02-2100-3128,admin,"자치행정과, 정보통신담당관실",지역통계>주제별>인구·가구>주민등록인구통계>동읍면/5세별주민등록인구,인,STTS000111,2007,admin,4679000000,0016/01/29 00:00:00
0015/07/22 00:00:00,고령인구수,ST02,2007,11593,02-2100-3128,admin,"자치행정과, 정보통신담당관실",지역통계>주제별>인구·가구>주민등록인구통계>동읍면/5세별주민등록인구,인,STTS000111,2007,admin,4680000000,0016/01/29 00:00:00
0015/07/22 00:00:00,고령인구수,ST02,2007,10760,02-2100-3128,admin,"자치행정과, 정보통신담당관실",지역통계>주제별>인구·가구>주민등록인구통계>동읍면/5세별주민등록인구,인,STTS000111,2007,admin,4681000000,0016/01/29 00:00:00
0015/07/22 00:00:00,고령인구수,ST02,2007,19347,02-2100-3128,admin,"자치행정과, 정보통신담당관실",지역통계>주제별>인구·가구>주민등록인구통계>동읍면/5세별주민등록인구,인,STTS000111,2007,admin,4682000000,0016/01/29 00:00:00
0015/07/22 00:00:00,고령인구수,ST02,2007,12046,02-2100-3128,admin,"자치행정과, 정보통신담당관실",지역통계>주제별>인구·가구>주민등록인구통계>동읍면/5세별주민등록인구,인,STTS000111,2007,admin,4683000000,0016/01/29 00:00:00
0015/07/22 00:00:00,고령인구수,ST02,2007,13160,02-2100-3128,admin,"자치행정과, 정보통신담당관실",지역통계>주제별>인구·가구>주민등록인구통계>동읍면/5세별주민등록인구,인,STTS000111,2007,admin,4684000000,0016/01/29 00:00:00
0015/07/22 00:00:00,고령인구수,ST02,2007,10503,02-2100-3128,admin,"자치행정과, 정보통신담당관실",지역통계>주제별>인구·가구>주민등록인구통계>동읍면/5세별주민등록인구,인,STTS000111,2007,admin,4686000000,0016/01/29 00:00:00
0015/07/22 00:00:00,고령인구수,ST02,2007,12612,02-2100-3128,admin,"자치행정과, 정보통신담당관실",지역통계>주제별>인구·가구>주민등록인구통계>동읍면/5세별주민등록인구,인,STTS000111,2007,admin,4687000000,0016/01/29 00:00:00
0015/07/22 00:00:00,고령인구수,ST02,2007,10778,02-2100-3128,admin,"자치행정과, 정보통신담당관실",지역통계>주제별>인구·가구>주민등록인구통계>동읍면/5세별주민등록인구,인,STTS000111,2007,admin,4688000000,0016/01/29 00:00:00
0015/07/22 00:00:00,고령인구수,ST02,2007,13619,02-2100-3128,admin,"자치행정과, 정보통신담당관실",지역통계>주제별>인구·가구>주민등록인구통계>동읍면/5세별주민등록인구,인,STTS000111,2007,admin,4689000000,0016/01/29 00:00:00
0015/07/22 00:00:00,고령인구수,ST02,2007,9308,02-2100-3128,admin,"자치행정과, 정보통신담당관실",지역통계>주제별>인구·가구>주민등록인구통계>동읍면/5세별주민등록인구,인,STTS000111,2007,admin,4690000000,0016/01/29 00:00:00
0015/07/22 00:00:00,고령인구수,ST02,2007,12445,02-2100-3128,admin,"자치행정과, 정보통신담당관실",지역통계>주제별>인구·가구>주민등록인구통계>동읍면/5세별주민등록인구,인,STTS000111,2007,admin,4691000000,0016/01/29 00:00:00
0015/07/22 00:00:00,고령인구수,ST02,2007,390588,02-2100-3128,admin,"자치행정과, 정보통신담당관실",지역통계>주제별>인구·가구>주민등록인구통계>동읍면/5세별주민등록인구,인,STTS000111,2007,admin,4700000000,0016/01/29 00:00:00
0015/07/22 00:00:00,고령인구수,ST02,2007,45054,02-2100-3128,admin,"자치행정과, 정보통신담당관실",지역통계>주제별>인구·가구>주민등록인구통계>동읍면/5세별주민등록인구,인,STTS000111,2007,admin,4711000000,0016/01/29 00:00:00
0015/07/22 00:00:00,고령인구수,ST02,2007,38161,02-2100-3128,admin,"자치행정과, 정보통신담당관실",지역통계>주제별>인구·가구>주민등록인구통계>동읍면/5세별주민등록인구,인,STTS000111,2007,admin,4713000000,0016/01/29 00:00:00
0015/07/22 00:00:00,고령인구수,ST02,2007,23121,02-2100-3128,admin,"자치행정과, 정보통신담당관실",지역통계>주제별>인구·가구>주민등록인구통계>동읍면/5세별주민등록인구,인,STTS000111,2007,admin,4715000000,0016/01/29 00:00:00
0015/07/22 00:00:00,고령인구수,ST02,2007,28476,02-2100-3128,admin,"자치행정과, 정보통신담당관실",지역통계>주제별>인구·가구>주민등록인구통계>동읍면/5세별주민등록인구,인,STTS000111,2007,admin,4717000000,0016/01/29 00:00:00
0015/07/22 00:00:00,고령인구수,ST02,2007,22566,02-2100-3128,admin,"자치행정과, 정보통신담당관실",지역통계>주제별>인구·가구>주민등록인구통계>동읍면/5세별주민등록인구,인,STTS000111,2007,admin,4719000000,0016/01/29 00:00:00
0015/07/22 00:00:00,고령인구수,ST02,2007,19699,02-2100-3128,admin,"자치행정과, 정보통신담당관실",지역통계>주제별>인구·가구>주민등록인구통계>동읍면/5세별주민등록인구,인,STTS000111,2007,admin,4721000000,0016/01/29 00:00:00
0015/07/22 00:00:00,고령인구수,ST02,2007,20625,02-2100-3128,admin,"자치행정과, 정보통신담당관실",지역통계>주제별>인구·가구>주민등록인구통계>동읍면/5세별주민등록인구,인,STTS000111,2007,admin,4723000000,0016/01/29 00:00:00
0015/07/22 00:00:00,고령인구수,ST02,2007,24186,02-2100-3128,admin,"자치행정과, 정보통신담당관실",지역통계>주제별>인구·가구>주민등록인구통계>동읍면/5세별주민등록인구,인,STTS000111,2007,admin,4725000000,0016/01/29 00:00:00
0015/07/22 00:00:00,고령인구수,ST02,2007,15854,02-2100-3128,admin,"자치행정과, 정보통신담당관실",지역통계>주제별>인구·가구>주민등록인구통계>동읍면/5세별주민등록인구,인,STTS000111,2007,admin,4728000000,0016/01/29 00:00:00
0015/07/22 00:00:00,고령인구수,ST02,2007,24745,02-2100-3128,admin,"자치행정과, 정보통신담당관실",지역통계>주제별>인구·가구>주민등록인구통계>동읍면/5세별주민등록인구,인,STTS000111,2007,admin,4729000000,0016/01/29 00:00:00
0015/07/22 00:00:00,고령인구수,ST02,2007,7630,02-2100-3128,admin,"자치행정과, 정보통신담당관실",지역통계>주제별>인구·가구>주민등록인구통계>동읍면/5세별주민등록인구,인,STTS000111,2007,admin,4772000000,0016/01/29 00:00:00
0015/07/22 00:00:00,고령인구수,ST02,2007,17971,02-2100-3128,admin,"자치행정과, 정보통신담당관실",지역통계>주제별>인구·가구>주민등록인구통계>동읍면/5세별주민등록인구,인,STTS000111,2007,admin,4773000000,0016/01/29 00:00:00
0015/07/22 00:00:00,고령인구수,ST02,2007,7279,02-2100-3128,admin,"자치행정과, 정보통신담당관실",지역통계>주제별>인구·가구>주민등록인구통계>동읍면/5세별주민등록인구,인,STTS000111,2007,admin,4775000000,0016/01/29 00:00:00
0015/07/22 00:00:00,고령인구수,ST02,2007,5393,02-2100-3128,admin,"자치행정과, 정보통신담당관실",지역통계>주제별>인구·가구>주민등록인구통계>동읍면/5세별주민등록인구,인,STTS000111,2007,admin,4776000000,0016/01/29 00:00:00
0015/07/22 00:00:00,고령인구수,ST02,2007,11362,02-2100-3128,admin,"자치행정과, 정보통신담당관실",지역통계>주제별>인구·가구>주민등록인구통계>동읍면/5세별주민등록인구,인,STTS000111,2007,admin,4777000000,0016/01/29 00:00:00
0015/07/22 00:00:00,고령인구수,ST02,2007,12159,02-2100-3128,admin,"자치행정과, 정보통신담당관실",지역통계>주제별>인구·가구>주민등록인구통계>동읍면/5세별주민등록인구,인,STTS000111,2007,admin,4782000000,0016/01/29 00:00:00
0015/07/22 00:00:00,고령인구수,ST02,2007,7462,02-2100-3128,admin,"자치행정과, 정보통신담당관실",지역통계>주제별>인구·가구>주민등록인구통계>동읍면/5세별주민등록인구,인,STTS000111,2007,admin,4783000000,0016/01/29 00:00:00
0015/07/22 00:00:00,고령인구수,ST02,2007,10297,02-2100-3128,admin,"자치행정과, 정보통신담당관실",지역통계>주제별>인구·가구>주민등록인구통계>동읍면/5세별주민등록인구,인,STTS000111,2007,admin,4784000000,0016/01/29 00:00:00
0015/07/22 00:00:00,고령인구수,ST02,2007,12156,02-2100-3128,admin,"자치행정과, 정보통신담당관실",지역통계>주제별>인구·가구>주민등록인구통계>동읍면/5세별주민등록인구,인,STTS000111,2007,admin,4785000000,0016/01/29 00:00:00
0015/07/22 00:00:00,고령인구수,ST02,2007,13648,02-2100-3128,admin,"자치행정과, 정보통신담당관실",지역통계>주제별>인구·가구>주민등록인구통계>동읍면/5세별주민등록인구,인,STTS000111,2007,admin,4790000000,0016/01/29 00:00:00
0015/07/22 00:00:00,고령인구수,ST02,2007,9373,02-2100-3128,admin,"자치행정과, 정보통신담당관실",지역통계>주제별>인구·가구>주민등록인구통계>동읍면/5세별주민등록인구,인,STTS000111,2007,admin,4792000000,0016/01/29 00:00:00
0015/07/22 00:00:00,고령인구수,ST02,2007,11613,02-2100-3128,admin,"자치행정과, 정보통신담당관실",지역통계>주제별>인구·가구>주민등록인구통계>동읍면/5세별주민등록인구,인,STTS000111,2007,admin,4793000000,0016/01/29 00:00:00
0015/07/22 00:00:00,고령인구수,ST02,2007,1758,02-2100-3128,admin,"자치행정과, 정보통신담당관실",지역통계>주제별>인구·가구>주민등록인구통계>동읍면/5세별주민등록인구,인,STTS000111,2007,admin,4794000000,0016/01/29 00:00:00
0015/07/22 00:00:00,고령인구수,ST02,2007,354611,02-2100-3128,admin,"자치행정과, 정보통신담당관실",지역통계>주제별>인구·가구>주민등록인구통계>동읍면/5세별주민등록인구,인,STTS000111,2007,admin,4800000000,0016/01/29 00:00:00
0015/07/22 00:00:00,고령인구수,ST02,2007,78357,02-2100-3128,admin,"자치행정과, 정보통신담당관실",지역통계>주제별>인구·가구>주민등록인구통계>동읍면/5세별주민등록인구,인,STTS000111,2007,admin,4812000000,0016/01/29 00:00:00
0015/07/22 00:00:00,고령인구수,ST02,2007,34933,02-2100-3128,admin,"자치행정과, 정보통신담당관실",지역통계>주제별>인구·가구>주민등록인구통계>동읍면/5세별주민등록인구,인,STTS000111,2007,admin,4817000000,0016/01/29 00:00:00
0015/07/22 00:00:00,고령인구수,ST02,2007,15099,02-2100-3128,admin,"자치행정과, 정보통신담당관실",지역통계>주제별>인구·가구>주민등록인구통계>동읍면/5세별주민등록인구,인,STTS000111,2007,admin,4822000000,0016/01/29 00:00:00
0015/07/22 00:00:00,고령인구수,ST02,2007,16528,02-2100-3128,admin,"자치행정과, 정보통신담당관실",지역통계>주제별>인구·가구>주민등록인구통계>동읍면/5세별주민등록인구,인,STTS000111,2007,admin,4824000000,0016/01/29 00:00:00
0015/07/22 00:00:00,고령인구수,ST02,2007,30825,02-2100-3128,admin,"자치행정과, 정보통신담당관실",지역통계>주제별>인구·가구>주민등록인구통계>동읍면/5세별주민등록인구,인,STTS000111,2007,admin,4825000000,0016/01/29 00:00:00
0015/07/22 00:00:00,고령인구수,ST02,2007,20175,02-2100-3128,admin,"자치행정과, 정보통신담당관실",지역통계>주제별>인구·가구>주민등록인구통계>동읍면/5세별주민등록인구,인,STTS000111,2007,admin,4827000000,0016/01/29 00:00:00
0015/07/22 00:00:00,고령인구수,ST02,2007,15210,02-2100-3128,admin,"자치행정과, 정보통신담당관실",지역통계>주제별>인구·가구>주민등록인구통계>동읍면/5세별주민등록인구,인,STTS000111,2007,admin,4831000000,0016/01/29 00:00:00
0015/07/22 00:00:00,고령인구수,ST02,2007,18358,02-2100-3128,admin,"자치행정과, 정보통신담당관실",지역통계>주제별>인구·가구>주민등록인구통계>동읍면/5세별주민등록인구,인,STTS000111,2007,admin,4833000000,0016/01/29 00:00:00
0015/07/22 00:00:00,고령인구수,ST02,2007,9111,02-2100-3128,admin,"자치행정과, 정보통신담당관실",지역통계>주제별>인구·가구>주민등록인구통계>동읍면/5세별주민등록인구,인,STTS000111,2007,admin,4872000000,0016/01/29 00:00:00
0015/07/22 00:00:00,고령인구수,ST02,2007,11490,02-2100-3128,admin,"자치행정과, 정보통신담당관실",지역통계>주제별>인구·가구>주민등록인구통계>동읍면/5세별주민등록인구,인,STTS000111,2007,admin,4873000000,0016/01/29 00:00:00
0015/07/22 00:00:00,고령인구수,ST02,2007,14381,02-2100-3128,admin,"자치행정과, 정보통신담당관실",지역통계>주제별>인구·가구>주민등록인구통계>동읍면/5세별주민등록인구,인,STTS000111,2007,admin,4874000000,0016/01/29 00:00:00
0015/07/22 00:00:00,고령인구수,ST02,2007,12470,02-2100-3128,admin,"자치행정과, 정보통신담당관실",지역통계>주제별>인구·가구>주민등록인구통계>동읍면/5세별주민등록인구,인,STTS000111,2007,admin,4882000000,0016/01/29 00:00:00
0015/07/22 00:00:00,고령인구수,ST02,2007,15002,02-2100-3128,admin,"자치행정과, 정보통신담당관실",지역통계>주제별>인구·가구>주민등록인구통계>동읍면/5세별주민등록인구,인,STTS000111,2007,admin,4884000000,0016/01/29 00:00:00
0015/07/22 00:00:00,고령인구수,ST02,2007,12952,02-2100-3128,admin,"자치행정과, 정보통신담당관실",지역통계>주제별>인구·가구>주민등록인구통계>동읍면/5세별주민등록인구,인,STTS000111,2007,admin,4885000000,0016/01/29 00:00:00
0015/07/22 00:00:00,고령인구수,ST02,2007,9941,02-2100-3128,admin,"자치행정과, 정보통신담당관실",지역통계>주제별>인구·가구>주민등록인구통계>동읍면/5세별주민등록인구,인,STTS000111,2007,admin,4886000000,0016/01/29 00:00:00
0015/07/22 00:00:00,고령인구수,ST02,2007,10771,02-2100-3128,admin,"자치행정과, 정보통신담당관실",지역통계>주제별>인구·가구>주민등록인구통계>동읍면/5세별주민등록인구,인,STTS000111,2007,admin,4887000000,0016/01/29 00:00:00
0015/07/22 00:00:00,고령인구수,ST02,2007,13569,02-2100-3128,admin,"자치행정과, 정보통신담당관실",지역통계>주제별>인구·가구>주민등록인구통계>동읍면/5세별주민등록인구,인,STTS000111,2007,admin,4888000000,0016/01/29 00:00:00
0015/07/22 00:00:00,고령인구수,ST02,2007,15439,02-2100-3128,admin,"자치행정과, 정보통신담당관실",지역통계>주제별>인구·가구>주민등록인구통계>동읍면/5세별주민등록인구,인,STTS000111,2007,admin,4889000000,0016/01/29 00:00:00
0015/07/22 00:00:00,고령인구수,ST02,2007,61734,02-2100-3128,admin,"자치행정과, 정보통신담당관실",지역통계>주제별>인구·가구>주민등록인구통계>동읍면/5세별주민등록인구,인,STTS000111,2007,admin,5000000000,0016/01/29 00:00:00
0015/07/22 00:00:00,고령인구수,ST02,2007,40249,02-2100-3128,admin,"자치행정과, 정보통신담당관실",지역통계>주제별>인구·가구>주민등록인구통계>동읍면/5세별주민등록인구,인,STTS000111,2007,admin,5011000000,0016/01/29 00:00:00
0015/07/22 00:00:00,고령인구수,ST02,2007,21485,02-2100-3128,admin,"자치행정과, 정보통신담당관실",지역통계>주제별>인구·가구>주민등록인구통계>동읍면/5세별주민등록인구,인,STTS000111,2007,admin,5013000000,0016/01/29 00:00:00
0015/07/22 00:00:00,고령인구수,ST02,2007,890052,02-2100-3128,admin,"자치행정과, 정보통신담당관실",지역통계>주제별>인구·가구>주민등록인구통계>동읍면/5세별주민등록인구,인,STTS000111,2008,admin,1100000000,0016/11/21 00:00:00
0015/07/22 00:00:00,고령인구수,ST02,2007,19921,02-2100-3128,admin,"자치행정과, 정보통신담당관실",지역통계>주제별>인구·가구>주민등록인구통계>동읍면/5세별주민등록인구,인,STTS000111,2008,admin,1111000000,0016/11/21 00:00:00
0015/07/22 00:00:00,고령인구수,ST02,2007,15127,02-2100-3128,admin,"자치행정과, 정보통신담당관실",지역통계>주제별>인구·가구>주민등록인구통계>동읍면/5세별주민등록인구,인,STTS000111,2008,admin,1114000000,0016/11/21 00:00:00
0015/07/22 00:00:00,고령인구수,ST02,2007,26850,02-2100-3128,admin,"자치행정과, 정보통신담당관실",지역통계>주제별>인구·가구>주민등록인구통계>동읍면/5세별주민등록인구,인,STTS000111,2008,admin,1117000000,0016/11/21 00:00:00
0015/07/22 00:00:00,고령인구수,ST02,2007,29282,02-2100-3128,admin,"자치행정과, 정보통신담당관실",지역통계>주제별>인구·가구>주민등록인구통계>동읍면/5세별주민등록인구,인,STTS000111,2008,admin,1120000000,0016/11/21 00:00:00
0015/07/22 00:00:00,고령인구수,ST02,2007,28360,02-2100-3128,admin,"자치행정과, 정보통신담당관실",지역통계>주제별>인구·가구>주민등록인구통계>동읍면/5세별주민등록인구,인,STTS000111,2008,admin,1121500000,0016/11/21 00:00:00
0015/07/22 00:00:00,고령인구수,ST02,2007,38272,02-2100-3128,admin,"자치행정과, 정보통신담당관실",지역통계>주제별>인구·가구>주민등록인구통계>동읍면/5세별주민등록인구,인,STTS000111,2008,admin,1123000000,0016/11/21 00:00:00
0015/07/22 00:00:00,고령인구수,ST02,2007,37032,02-2100-3128,admin,"자치행정과, 정보통신담당관실",지역통계>주제별>인구·가구>주민등록인구통계>동읍면/5세별주민등록인구,인,STTS000111,2008,admin,1126000000,0016/11/21 00:00:00
0015/07/22 00:00:00,고령인구수,ST02,2007,47059,02-2100-3128,admin,"자치행정과, 정보통신담당관실",지역통계>주제별>인구·가구>주민등록인구통계>동읍면/5세별주민등록인구,인,STTS000111,2008,admin,1129000000,0016/11/21 00:00:00
0015/07/22 00:00:00,고령인구수,ST02,2007,36533,02-2100-3128,admin,"자치행정과, 정보통신담당관실",지역통계>주제별>인구·가구>주민등록인구통계>동읍면/5세별주민등록인구,인,STTS000111,2008,admin,1130500000,0016/11/21 00:00:00
0015/07/22 00:00:00,고령인구수,ST02,2007,34674,02-2100-3128,admin,"자치행정과, 정보통신담당관실",지역통계>주제별>인구·가구>주민등록인구통계>동읍면/5세별주민등록인구,인,STTS000111,2008,admin,1132000000,0016/11/21 00:00:00
0015/07/22 00:00:00,고령인구수,ST02,2007,52820,02-2100-3128,admin,"자치행정과, 정보통신담당관실",지역통계>주제별>인구·가구>주민등록인구통계>동읍면/5세별주민등록인구,인,STTS000111,2008,admin,1135000000,0016/11/21 00:00:00
0015/07/22 00:00:00,고령인구수,ST02,2007,45836,02-2100-3128,admin,"자치행정과, 정보통신담당관실",지역통계>주제별>인구·가구>주민등록인구통계>동읍면/5세별주민등록인구,인,STTS000111,2008,admin,1138000000,0016/11/21 00:00:00
0015/07/22 00:00:00,고령인구수,ST02,2007,36042,02-2100-3128,admin,"자치행정과, 정보통신담당관실",지역통계>주제별>인구·가구>주민등록인구통계>동읍면/5세별주민등록인구,인,STTS000111,2008,admin,1141000000,0016/11/21 00:00:00
0015/07/22 00:00:00,고령인구수,ST02,2007,36495,02-2100-3128,admin,"자치행정과, 정보통신담당관실",지역통계>주제별>인구·가구>주민등록인구통계>동읍면/5세별주민등록인구,인,STTS000111,2008,admin,1144000000,0016/11/21 00:00:00
0015/07/22 00:00:00,고령인구수,ST02,2007,35375,02-2100-3128,admin,"자치행정과, 정보통신담당관실",지역통계>주제별>인구·가구>주민등록인구통계>동읍면/5세별주민등록인구,인,STTS000111,2008,admin,1147000000,0016/11/21 00:00:00
0015/07/22 00:00:00,고령인구수,ST02,2007,45460,02-2100-3128,admin,"자치행정과, 정보통신담당관실",지역통계>주제별>인구·가구>주민등록인구통계>동읍면/5세별주민등록인구,인,STTS000111,2008,admin,1150000000,0016/11/21 00:00:00
0015/07/22 00:00:00,고령인구수,ST02,2007,34322,02-2100-3128,admin,"자치행정과, 정보통신담당관실",지역통계>주제별>인구·가구>주민등록인구통계>동읍면/5세별주민등록인구,인,STTS000111,2008,admin,1153000000,0016/11/21 00:00:00
0015/07/22 00:00:00,고령인구수,ST02,2007,20977,02-2100-3128,admin,"자치행정과, 정보통신담당관실",지역통계>주제별>인구·가구>주민등록인구통계>동읍면/5세별주민등록인구,인,STTS000111,2008,admin,1154500000,0016/11/21 00:00:00
0015/07/22 00:00:00,고령인구수,ST02,2007,37599,02-2100-3128,admin,"자치행정과, 정보통신담당관실",지역통계>주제별>인구·가구>주민등록인구통계>동읍면/5세별주민등록인구,인,STTS000111,2008,admin,1156000000,0016/11/21 00:00:00
0015/07/22 00:00:00,고령인구수,ST02,2007,38002,02-2100-3128,admin,"자치행정과, 정보통신담당관실",지역통계>주제별>인구·가구>주민등록인구통계>동읍면/5세별주민등록인구,인,STTS000111,2008,admin,1159000000,0016/11/21 00:00:00
0015/07/22 00:00:00,고령인구수,ST02,2007,44193,02-2100-3128,admin,"자치행정과, 정보통신담당관실",지역통계>주제별>인구·가구>주민등록인구통계>동읍면/5세별주민등록인구,인,STTS000111,2008,admin,1162000000,0016/11/21 00:00:00
0015/07/22 00:00:00,고령인구수,ST02,2007,30808,02-2100-3128,admin,"자치행정과, 정보통신담당관실",지역통계>주제별>인구·가구>주민등록인구통계>동읍면/5세별주민등록인구,인,STTS000111,2008,admin,1165000000,0016/11/21 00:00:00
0015/07/22 00:00:00,고령인구수,ST02,2007,38735,02-2100-3128,admin,"자치행정과, 정보통신담당관실",지역통계>주제별>인구·가구>주민등록인구통계>동읍면/5세별주민등록인구,인,STTS000111,2008,admin,1168000000,0016/11/21 00:00:00
0015/07/22 00:00:00,고령인구수,ST02,2007,46699,02-2100-3128,admin,"자치행정과, 정보통신담당관실",지역통계>주제별>인구·가구>주민등록인구통계>동읍면/5세별주민등록인구,인,STTS000111,2008,admin,1171000000,0016/11/21 00:00:00
0015/07/22 00:00:00,고령인구수,ST02,2007,33579,02-2100-3128,admin,"자치행정과, 정보통신담당관실",지역통계>주제별>인구·가구>주민등록인구통계>동읍면/5세별주민등록인구,인,STTS000111,2008,admin,1174000000,0016/11/21 00:00:00
0015/07/22 00:00:00,고령인구수,ST02,2007,363639,02-2100-3128,admin,"자치행정과, 정보통신담당관실",지역통계>주제별>인구·가구>주민등록인구통계>동읍면/5세별주민등록인구,인,STTS000111,2008,admin,2600000000,0016/11/21 00:00:00
0015/07/22 00:00:00,고령인구수,ST02,2007,7147,02-2100-3128,admin,"자치행정과, 정보통신담당관실",지역통계>주제별>인구·가구>주민등록인구통계>동읍면/5세별주민등록인구,인,STTS000111,2008,admin,2611000000,0016/11/21 00:00:00
0015/07/22 00:00:00,고령인구수,ST02,2007,18332,02-2100-3128,admin,"자치행정과, 정보통신담당관실",지역통계>주제별>인구·가구>주민등록인구통계>동읍면/5세별주민등록인구,인,STTS000111,2008,admin,2614000000,0016/11/21 00:00:00
0015/07/22 00:00:00,고령인구수,ST02,2007,15608,02-2100-3128,admin,"자치행정과, 정보통신담당관실",지역통계>주제별>인구·가구>주민등록인구통계>동읍면/5세별주민등록인구,인,STTS000111,2008,admin,2617000000,0016/11/21 00:00:00
0015/07/22 00:00:00,고령인구수,ST02,2007,20130,02-2100-3128,admin,"자치행정과, 정보통신담당관실",지역통계>주제별>인구·가구>주민등록인구통계>동읍면/5세별주민등록인구,인,STTS000111,2008,admin,2620000000,0016/11/21 00:00:00
0015/07/22 00:00:00,고령인구수,ST02,2007,43228,02-2100-3128,admin,"자치행정과, 정보통신담당관실",지역통계>주제별>인구·가구>주민등록인구통계>동읍면/5세별주민등록인구,인,STTS000111,2008,admin,2623000000,0016/11/21 00:00:00
0015/07/22 00:00:00,고령인구수,ST02,2007,26931,02-2100-3128,admin,"자치행정과, 정보통신담당관실",지역통계>주제별>인구·가구>주민등록인구통계>동읍면/5세별주민등록인구,인,STTS000111,2008,admin,2626000000,0016/11/21 00:00:00
0015/07/22 00:00:00,고령인구수,ST02,2007,31092,02-2100-3128,admin,"자치행정과, 정보통신담당관실",지역통계>주제별>인구·가구>주민등록인구통계>동읍면/5세별주민등록인구,인,STTS000111,2008,admin,2629000000,0016/11/21 00:00:00
0015/07/22 00:00:00,고령인구수,ST02,2007,25143,02-2100-3128,admin,"자치행정과, 정보통신담당관실",지역통계>주제별>인구·가구>주민등록인구통계>동읍면/5세별주민등록인구,인,STTS000111,2008,admin,2632000000,0016/11/21 00:00:00
0015/07/22 00:00:00,고령인구수,ST02,2007,38023,02-2100-3128,admin,"자치행정과, 정보통신담당관실",지역통계>주제별>인구·가구>주민등록인구통계>동읍면/5세별주민등록인구,인,STTS000111,2008,admin,2635000000,0016/11/21 00:00:00
0015/07/22 00:00:00,고령인구수,ST02,2007,31282,02-2100-3128,admin,"자치행정과, 정보통신담당관실",지역통계>주제별>인구·가구>주민등록인구통계>동읍면/5세별주민등록인구,인,STTS000111,2008,admin,2638000000,0016/11/21 00:00:00
0015/07/22 00:00:00,고령인구수,ST02,2007,26438,02-2100-3128,admin,"자치행정과, 정보통신담당관실",지역통계>주제별>인구·가구>주민등록인구통계>동읍면/5세별주민등록인구,인,STTS000111,2008,admin,2641000000,0016/11/21 00:00:00
0015/07/22 00:00:00,고령인구수,ST02,2007,7970,02-2100-3128,admin,"자치행정과, 정보통신담당관실",지역통계>주제별>인구·가구>주민등록인구통계>동읍면/5세별주민등록인구,인,STTS000111,2008,admin,2644000000,0016/11/21 00:00:00
0015/07/22 00:00:00,고령인구수,ST02,2007,21499,02-2100-3128,admin,"자치행정과, 정보통신담당관실",지역통계>주제별>인구·가구>주민등록인구통계>동읍면/5세별주민등록인구,인,STTS000111,2008,admin,2647000000,0016/11/21 00:00:00
0015/07/22 00:00:00,고령인구수,ST02,2007,19844,02-2100-3128,admin,"자치행정과, 정보통신담당관실",지역통계>주제별>인구·가구>주민등록인구통계>동읍면/5세별주민등록인구,인,STTS000111,2008,admin,2650000000,0016/11/21 00:00:00
0015/07/22 00:00:00,고령인구수,ST02,2007,20227,02-2100-3128,admin,"자치행정과, 정보통신담당관실",지역통계>주제별>인구·가구>주민등록인구통계>동읍면/5세별주민등록인구,인,STTS000111,2008,admin,2653000000,0016/11/21 00:00:00
0015/07/22 00:00:00,고령인구수,ST02,2007,10745,02-2100-3128,admin,"자치행정과, 정보통신담당관실",지역통계>주제별>인구·가구>주민등록인구통계>동읍면/5세별주민등록인구,인,STTS000111,2008,admin,2671000000,0016/11/21 00:00:00
0015/07/22 00:00:00,고령인구수,ST02,2007,232499,02-2100-3128,admin,"자치행정과, 정보통신담당관실",지역통계>주제별>인구·가구>주민등록인구통계>동읍면/5세별주민등록인구,인,STTS000111,2008,admin,2700000000,0016/11/21 00:00:00
0015/07/22 00:00:00,고령인구수,ST02,2007,11722,02-2100-3128,admin,"자치행정과, 정보통신담당관실",지역통계>주제별>인구·가구>주민등록인구통계>동읍면/5세별주민등록인구,인,STTS000111,2008,admin,2711000000,0016/11/21 00:00:00
0015/07/22 00:00:00,고령인구수,ST02,2007,37938,02-2100-3128,admin,"자치행정과, 정보통신담당관실",지역통계>주제별>인구·가구>주민등록인구통계>동읍면/5세별주민등록인구,인,STTS000111,2008,admin,2714000000,0016/11/21 00:00:00
0015/07/22 00:00:00,고령인구수,ST02,2007,23050,02-2100-3128,admin,"자치행정과, 정보통신담당관실",지역통계>주제별>인구·가구>주민등록인구통계>동읍면/5세별주민등록인구,인,STTS000111,2008,admin,2717000000,0016/11/21 00:00:00
0015/07/22 00:00:00,고령인구수,ST02,2007,22413,02-2100-3128,admin,"자치행정과, 정보통신담당관실",지역통계>주제별>인구·가구>주민등록인구통계>동읍면/5세별주민등록인구,인,STTS000111,2008,admin,2720000000,0016/11/21 00:00:00
0015/07/22 00:00:00,고령인구수,ST02,2007,36912,02-2100-3128,admin,"자치행정과, 정보통신담당관실",지역통계>주제별>인구·가구>주민등록인구통계>동읍면/5세별주민등록인구,인,STTS000111,2008,admin,2723000000,0016/11/21 00:00:00
0015/07/22 00:00:00,고령인구수,ST02,2007,41524,02-2100-3128,admin,"자치행정과, 정보통신담당관실",지역통계>주제별>인구·가구>주민등록인구통계>동읍면/5세별주민등록인구,인,STTS000111,2008,admin,2726000000,0016/11/21 00:00:00
0015/07/22 00:00:00,고령인구수,ST02,2007,42516,02-2100-3128,admin,"자치행정과, 정보통신담당관실",지역통계>주제별>인구·가구>주민등록인구통계>동읍면/5세별주민등록인구,인,STTS000111,2008,admin,2729000000,0016/11/21 00:00:00
0015/07/22 00:00:00,고령인구수,ST02,2007,16424,02-2100-3128,admin,"자치행정과, 정보통신담당관실",지역통계>주제별>인구·가구>주민등록인구통계>동읍면/5세별주민등록인구,인,STTS000111,2008,admin,2771000000,0016/11/21 00:00:00
0015/07/22 00:00:00,고령인구수,ST02,2007,215860,02-2100-3128,admin,"자치행정과, 정보통신담당관실",지역통계>주제별>인구·가구>주민등록인구통계>동읍면/5세별주민등록인구,인,STTS000111,2008,admin,2800000000,0016/11/21 00:00:00
0015/07/22 00:00:00,고령인구수,ST02,2007,9989,02-2100-3128,admin,"자치행정과, 정보통신담당관실",지역통계>주제별>인구·가구>주민등록인구통계>동읍면/5세별주민등록인구,인,STTS000111,2008,admin,2811000000,0016/11/21 00:00:00
0015/07/22 00:00:00,고령인구수,ST02,2007,9230,02-2100-3128,admin,"자치행정과, 정보통신담당관실",지역통계>주제별>인구·가구>주민등록인구통계>동읍면/5세별주민등록인구,인,STTS000111,2008,admin,2814000000,0016/11/21 00:00:00
0015/07/22 00:00:00,고령인구수,ST02,2007,40263,02-2100-3128,admin,"자치행정과, 정보통신담당관실",지역통계>주제별>인구·가구>주민등록인구통계>동읍면/5세별주민등록인구,인,STTS000111,2008,admin,2817000000,0016/11/21 00:00:00
0015/07/22 00:00:00,고령인구수,ST02,2007,17589,02-2100-3128,admin,"자치행정과, 정보통신담당관실",지역통계>주제별>인구·가구>주민등록인구통계>동읍면/5세별주민등록인구,인,STTS000111,2008,admin,2818500000,0016/11/21 00:00:00
0015/07/22 00:00:00,고령인구수,ST02,2007,32077,02-2100-3128,admin,"자치행정과, 정보통신담당관실",지역통계>주제별>인구·가구>주민등록인구통계>동읍면/5세별주민등록인구,인,STTS000111,2008,admin,2820000000,0016/11/21 00:00:00
0015/07/22 00:00:00,고령인구수,ST02,2007,43057,02-2100-3128,admin,"자치행정과, 정보통신담당관실",지역통계>주제별>인구·가구>주민등록인구통계>동읍면/5세별주민등록인구,인,STTS000111,2008,admin,2823700000,0016/11/21 00:00:00
0015/07/22 00:00:00,고령인구수,ST02,2007,20603,02-2100-3128,admin,"자치행정과, 정보통신담당관실",지역통계>주제별>인구·가구>주민등록인구통계>동읍면/5세별주민등록인구,인,STTS000111,2008,admin,2824500000,0016/11/21 00:00:00
0015/07/22 00:00:00,고령인구수,ST02,2007,24567,02-2100-3128,admin,"자치행정과, 정보통신담당관실",지역통계>주제별>인구·가구>주민등록인구통계>동읍면/5세별주민등록인구,인,STTS000111,2008,admin,2826000000,0016/11/21 00:00:00
0015/07/22 00:00:00,고령인구수,ST02,2007,15139,02-2100-3128,admin,"자치행정과, 정보통신담당관실",지역통계>주제별>인구·가구>주민등록인구통계>동읍면/5세별주민등록인구,인,STTS000111,2008,admin,2871000000,0016/11/21 00:00:00
0015/07/22 00:00:00,고령인구수,ST02,2007,3346,02-2100-3128,admin,"자치행정과, 정보통신담당관실",지역통계>주제별>인구·가구>주민등록인구통계>동읍면/5세별주민등록인구,인,STTS000111,2008,admin,2872000000,0016/11/21 00:00:00
0015/07/22 00:00:00,고령인구수,ST02,2007,118453,02-2100-3128,admin,"자치행정과, 정보통신담당관실",지역통계>주제별>인구·가구>주민등록인구통계>동읍면/5세별주민등록인구,인,STTS000111,2008,admin,2900000000,0016/11/21 00:00:00
0015/07/22 00:00:00,고령인구수,ST02,2007,14710,02-2100-3128,admin,"자치행정과, 정보통신담당관실",지역통계>주제별>인구·가구>주민등록인구통계>동읍면/5세별주민등록인구,인,STTS000111,2008,admin,2911000000,0016/11/21 00:00:00
0015/07/22 00:00:00,고령인구수,ST02,2007,23424,02-2100-3128,admin,"자치행정과, 정보통신담당관실",지역통계>주제별>인구·가구>주민등록인구통계>동읍면/5세별주민등록인구,인,STTS000111,2008,admin,2914000000,0016/11/21 00:00:00
0015/07/22 00:00:00,고령인구수,ST02,2007,21465,02-2100-3128,admin,"자치행정과, 정보통신담당관실",지역통계>주제별>인구·가구>주민등록인구통계>동읍면/5세별주민등록인구,인,STTS000111,2008,admin,2915500000,0016/11/21 00:00:00
0015/07/22 00:00:00,고령인구수,ST02,2007,37629,02-2100-3128,admin,"자치행정과, 정보통신담당관실",지역통계>주제별>인구·가구>주민등록인구통계>동읍면/5세별주민등록인구,인,STTS000111,2008,admin,2917000000,0016/11/21 00:00:00
0015/07/22 00:00:00,고령인구수,ST02,2007,21225,02-2100-3128,admin,"자치행정과, 정보통신담당관실",지역통계>주제별>인구·가구>주민등록인구통계>동읍면/5세별주민등록인구,인,STTS000111,2008,admin,2920000000,0016/11/21 00:00:00
0015/07/22 00:00:00,고령인구수,ST02,2007,119222,02-2100-3128,admin,"자치행정과, 정보통신담당관실",지역통계>주제별>인구·가구>주민등록인구통계>동읍면/5세별주민등록인구,인,STTS000111,2008,admin,3000000000,0016/11/21 00:00:00
0015/07/22 00:00:00,고령인구수,ST02,2007,26013,02-2100-3128,admin,"자치행정과, 정보통신담당관실",지역통계>주제별>인구·가구>주민등록인구통계>동읍면/5세별주민등록인구,인,STTS000111,2008,admin,3011000000,0016/11/21 00:00:00
0015/07/22 00:00:00,고령인구수,ST02,2007,27124,02-2100-3128,admin,"자치행정과, 정보통신담당관실",지역통계>주제별>인구·가구>주민등록인구통계>동읍면/5세별주민등록인구,인,STTS000111,2008,admin,3014000000,0016/11/21 00:00:00
0015/07/22 00:00:00,고령인구수,ST02,2007,34043,02-2100-3128,admin,"자치행정과, 정보통신담당관실",지역통계>주제별>인구·가구>주민등록인구통계>동읍면/5세별주민등록인구,인,STTS000111,2008,admin,3017000000,0016/11/21 00:00:00
0015/07/22 00:00:00,고령인구수,ST02,2007,15875,02-2100-3128,admin,"자치행정과, 정보통신담당관실",지역통계>주제별>인구·가구>주민등록인구통계>동읍면/5세별주민등록인구,인,STTS000111,2008,admin,3020000000,0016/11/21 00:00:00
0015/07/22 00:00:00,고령인구수,ST02,2007,16167,02-2100-3128,admin,"자치행정과, 정보통신담당관실",지역통계>주제별>인구·가구>주민등록인구통계>동읍면/5세별주민등록인구,인,STTS000111,2008,admin,3023000000,0016/11/21 00:00:00
0015/07/22 00:00:00,고령인구수,ST02,2007,69995,02-2100-3128,admin,"자치행정과, 정보통신담당관실",지역통계>주제별>인구·가구>주민등록인구통계>동읍면/5세별주민등록인구,인,STTS000111,2008,admin,3100000000,0016/11/21 00:00:00
0015/07/22 00:00:00,고령인구수,ST02,2007,16327,02-2100-3128,admin,"자치행정과, 정보통신담당관실",지역통계>주제별>인구·가구>주민등록인구통계>동읍면/5세별주민등록인구,인,STTS000111,2008,admin,3111000000,0016/11/21 00:00:00
0015/07/22 00:00:00,고령인구수,ST02,2007,18239,02-2100-3128,admin,"자치행정과, 정보통신담당관실",지역통계>주제별>인구·가구>주민등록인구통계>동읍면/5세별주민등록인구,인,STTS000111,2008,admin,3114000000,0016/11/21 00:00:00
0015/07/22 00:00:00,고령인구수,ST02,2007,8376,02-2100-3128,admin,"자치행정과, 정보통신담당관실",지역통계>주제별>인구·가구>주민등록인구통계>동읍면/5세별주민등록인구,인,STTS000111,2008,admin,3117000000,0016/11/21 00:00:00
0015/07/22 00:00:00,고령인구수,ST02,2007,8493,02-2100-3128,admin,"자치행정과, 정보통신담당관실",지역통계>주제별>인구·가구>주민등록인구통계>동읍면/5세별주민등록인구,인,STTS000111,2008,admin,3120000000,0016/11/21 00:00:00
0015/07/22 00:00:00,고령인구수,ST02,2007,18560,02-2100-3128,admin,"자치행정과, 정보통신담당관실",지역통계>주제별>인구·가구>주민등록인구통계>동읍면/5세별주민등록인구,인,STTS000111,2008,admin,3171000000,0016/11/21 00:00:00
0015/07/22 00:00:00,고령인구수,ST02,2007,,02-2100-3128,admin,"자치행정과, 정보통신담당관실",지역통계>주제별>인구·가구>주민등록인구통계>동읍면/5세별주민등록인구,인,STTS000111,2008,admin,3611000000,0016/11/21 00:00:00
0015/07/22 00:00:00,고령인구수,ST02,2007,919632,02-2100-3128,admin,"자치행정과, 정보통신담당관실",지역통계>주제별>인구·가구>주민등록인구통계>동읍면/5세별주민등록인구,인,STTS000111,2008,admin,4100000000,0016/11/21 00:00:00
0015/07/22 00:00:00,고령인구수,ST02,2007,69005,02-2100-3128,admin,"자치행정과, 정보통신담당관실",지역통계>주제별>인구·가구>주민등록인구통계>동읍면/5세별주민등록인구,인,STTS000111,2008,admin,4111000000,0016/11/21 00:00:00
0015/07/22 00:00:00,고령인구수,ST02,2007,74186,02-2100-3128,admin,"자치행정과, 정보통신담당관실",지역통계>주제별>인구·가구>주민등록인구통계>동읍면/5세별주민등록인구,인,STTS000111,2008,admin,4113000000,0016/11/21 00:00:00
0015/07/22 00:00:00,고령인구수,ST02,2007,37926,02-2100-3128,admin,"자치행정과, 정보통신담당관실",지역통계>주제별>인구·가구>주민등록인구통계>동읍면/5세별주민등록인구,인,STTS000111,2008,admin,4115000000,0016/11/21 00:00:00
0015/07/22 00:00:00,고령인구수,ST02,2007,44803,02-2100-3128,admin,"자치행정과, 정보통신담당관실",지역통계>주제별>인구·가구>주민등록인구통계>동읍면/5세별주민등록인구,인,STTS000111,2008,admin,4117000000,0016/11/21 00:00:00
0015/07/22 00:00:00,고령인구수,ST02,2007,58350,02-2100-3128,admin,"자치행정과, 정보통신담당관실",지역통계>주제별>인구·가구>주민등록인구통계>동읍면/5세별주민등록인구,인,STTS000111,2008,admin,4119000000,0016/11/21 00:00:00
0015/07/22 00:00:00,고령인구수,ST02,2007,24435,02-2100-3128,admin,"자치행정과, 정보통신담당관실",지역통계>주제별>인구·가구>주민등록인구통계>동읍면/5세별주민등록인구,인,STTS000111,2008,admin,4121000000,0016/11/21 00:00:00
0015/07/22 00:00:00,고령인구수,ST02,2007,38541,02-2100-3128,admin,"자치행정과, 정보통신담당관실",지역통계>주제별>인구·가구>주민등록인구통계>동읍면/5세별주민등록인구,인,STTS000111,2008,admin,4122000000,0016/11/21 00:00:00
0015/07/22 00:00:00,고령인구수,ST02,2007,10971,02-2100-3128,admin,"자치행정과, 정보통신담당관실",지역통계>주제별>인구·가구>주민등록인구통계>동읍면/5세별주민등록인구,인,STTS000111,2008,admin,4125000000,0016/11/21 00:00:00
0015/07/22 00:00:00,고령인구수,ST02,2007,41683,02-2100-3128,admin,"자치행정과, 정보통신담당관실",지역통계>주제별>인구·가구>주민등록인구통계>동읍면/5세별주민등록인구,인,STTS000111,2008,admin,4127000000,0016/11/21 00:00:00
0015/07/22 00:00:00,고령인구수,ST02,2007,79565,02-2100-3128,admin,"자치행정과, 정보통신담당관실",지역통계>주제별>인구·가구>주민등록인구통계>동읍면/5세별주민등록인구,인,STTS000111,2008,admin,4128000000,0016/11/21 00:00:00
0015/07/22 00:00:00,고령인구수,ST02,2007,6040,02-2100-3128,admin,"자치행정과, 정보통신담당관실",지역통계>주제별>인구·가구>주민등록인구통계>동읍면/5세별주민등록인구,인,STTS000111,2008,admin,4129000000,0016/11/21 00:00:00
0015/07/22 00:00:00,고령인구수,ST02,2007,14312,02-2100-3128,admin,"자치행정과, 정보통신담당관실",지역통계>주제별>인구·가구>주민등록인구통계>동읍면/5세별주민등록인구,인,STTS000111,2008,admin,4131000000,0016/11/21 00:00:00
0015/07/22 00:00:00,고령인구수,ST02,2007,44113,02-2100-3128,admin,"자치행정과, 정보통신담당관실",지역통계>주제별>인구·가구>주민등록인구통계>동읍면/5세별주민등록인구,인,STTS000111,2008,admin,4136000000,0016/11/21 00:00:00
0015/07/22 00:00:00,고령인구수,ST02,2007,8574,02-2100-3128,admin,"자치행정과, 정보통신담당관실",지역통계>주제별>인구·가구>주민등록인구통계>동읍면/5세별주민등록인구,인,STTS000111,2008,admin,4137000000,0016/11/21 00:00:00
0015/07/22 00:00:00,고령인구수,ST02,2007,22835,02-2100-3128,admin,"자치행정과, 정보통신담당관실",지역통계>주제별>인구·가구>주민등록인구통계>동읍면/5세별주민등록인구,인,STTS000111,2008,admin,4139000000,0016/11/21 00:00:00
0015/07/22 00:00:00,고령인구수,ST02,2007,20116,02-2100-3128,admin,"자치행정과, 정보통신담당관실",지역통계>주제별>인구·가구>주민등록인구통계>동읍면/5세별주민등록인구,인,STTS000111,2008,admin,4141000000,0016/11/21 00:00:00
0015/07/22 00:00:00,고령인구수,ST02,2007,10738,02-2100-3128,admin,"자치행정과, 정보통신담당관실",지역통계>주제별>인구·가구>주민등록인구통계>동읍면/5세별주민등록인구,인,STTS000111,2008,admin,4143000000,0016/11/21 00:00:00
0015/07/22 00:00:00,고령인구수,ST02,2007,12217,02-2100-3128,admin,"자치행정과, 정보통신담당관실",지역통계>주제별>인구·가구>주민등록인구통계>동읍면/5세별주민등록인구,인,STTS000111,2008,admin,4145000000,0016/11/21 00:00:00
0015/07/22 00:00:00,고령인구수,ST02,2007,66083,02-2100-3128,admin,"자치행정과, 정보통신담당관실",지역통계>주제별>인구·가구>주민등록인구통계>동읍면/5세별주민등록인구,인,STTS000111,2008,admin,4146000000,0016/11/21 00:00:00
0015/07/22 00:00:00,고령인구수,ST02,2007,33940,02-2100-3128,admin,"자치행정과, 정보통신담당관실",지역통계>주제별>인구·가구>주민등록인구통계>동읍면/5세별주민등록인구,인,STTS000111,2008,admin,4148000000,0016/11/21 00:00:00
0015/07/22 00:00:00,고령인구수,ST02,2007,19208,02-2100-3128,admin,"자치행정과, 정보통신담당관실",지역통계>주제별>인구·가구>주민등록인구통계>동읍면/5세별주민등록인구,인,STTS000111,2008,admin,4150000000,0016/11/21 00:00:00
0015/07/22 00:00:00,고령인구수,ST02,2007,20368,02-2100-3128,admin,"자치행정과, 정보통신담당관실",지역통계>주제별>인구·가구>주민등록인구통계>동읍면/5세별주민등록인구,인,STTS000111,2008,admin,4155000000,0016/11/21 00:00:00
0015/07/22 00:00:00,고령인구수,ST02,2007,21090,02-2100-3128,admin,"자치행정과, 정보통신담당관실",지역통계>주제별>인구·가구>주민등록인구통계>동읍면/5세별주민등록인구,인,STTS000111,2008,admin,4157000000,0016/11/21 00:00:00
0015/07/22 00:00:00,고령인구수,ST02,2007,34605,02-2100-3128,admin,"자치행정과, 정보통신담당관실",지역통계>주제별>인구·가구>주민등록인구통계>동읍면/5세별주민등록인구,인,STTS000111,2008,admin,4159000000,0016/11/21 00:00:00
0015/07/22 00:00:00,고령인구수,ST02,2007,19767,02-2100-3128,admin,"자치행정과, 정보통신담당관실",지역통계>주제별>인구·가구>주민등록인구통계>동읍면/5세별주민등록인구,인,STTS000111,2008,admin,4161000000,0016/11/21 00:00:00
0015/07/22 00:00:00,고령인구수,ST02,2007,17244,02-2100-3128,admin,"자치행정과, 정보통신담당관실",지역통계>주제별>인구·가구>주민등록인구통계>동읍면/5세별주민등록인구,인,STTS000111,2008,admin,4163000000,0016/11/21 00:00:00
0015/07/22 00:00:00,고령인구수,ST02,2007,19079,02-2100-3128,admin,"자치행정과, 정보통신담당관실",지역통계>주제별>인구·가구>주민등록인구통계>동읍면/5세별주민등록인구,인,STTS000111,2008,admin,4165000000,0016/11/21 00:00:00
0015/07/22 00:00:00,고령인구수,ST02,2007,15334,02-2100-3128,admin,"자치행정과, 정보통신담당관실",지역통계>주제별>인구·가구>주민등록인구통계>동읍면/5세별주민등록인구,인,STTS000111,2008,admin,4173000000,0016/11/21 00:00:00
0015/07/22 00:00:00,고령인구수,ST02,2007,8214,02-2100-3128,admin,"자치행정과, 정보통신담당관실",지역통계>주제별>인구·가구>주민등록인구통계>동읍면/5세별주민등록인구,인,STTS000111,2008,admin,4180000000,0016/11/21 00:00:00
0015/07/22 00:00:00,고령인구수,ST02,2007,10194,02-2100-3128,admin,"자치행정과, 정보통신담당관실",지역통계>주제별>인구·가구>주민등록인구통계>동읍면/5세별주민등록인구,인,STTS000111,2008,admin,4182000000,0016/11/21 00:00:00
0015/07/22 00:00:00,고령인구수,ST02,2007,16096,02-2100-3128,admin,"자치행정과, 정보통신담당관실",지역통계>주제별>인구·가구>주민등록인구통계>동읍면/5세별주민등록인구,인,STTS000111,2008,admin,4183000000,0016/11/21 00:00:00
0015/07/22 00:00:00,고령인구수,ST02,2007,209922,02-2100-3128,admin,"자치행정과, 정보통신담당관실",지역통계>주제별>인구·가구>주민등록인구통계>동읍면/5세별주민등록인구,인,STTS000111,2008,admin,4200000000,0016/11/21 00:00:00
0015/07/22 00:00:00,고령인구수,ST02,2007,32406,02-2100-3128,admin,"자치행정과, 정보통신담당관실",지역통계>주제별>인구·가구>주민등록인구통계>동읍면/5세별주민등록인구,인,STTS000111,2008,admin,4211000000,0016/11/21 00:00:00
0015/07/22 00:00:00,고령인구수,ST02,2007,32324,02-2100-3128,admin,"자치행정과, 정보통신담당관실",지역통계>주제별>인구·가구>주민등록인구통계>동읍면/5세별주민등록인구,인,STTS000111,2008,admin,4213000000,0016/11/21 00:00:00
0015/07/22 00:00:00,고령인구수,ST02,2007,28670,02-2100-3128,admin,"자치행정과, 정보통신담당관실",지역통계>주제별>인구·가구>주민등록인구통계>동읍면/5세별주민등록인구,인,STTS000111,2008,admin,4215000000,0016/11/21 00:00:00
0015/07/22 00:00:00,고령인구수,ST02,2007,11595,02-2100-3128,admin,"자치행정과, 정보통신담당관실",지역통계>주제별>인구·가구>주민등록인구통계>동읍면/5세별주민등록인구,인,STTS000111,2008,admin,4217000000,0016/11/21 00:00:00
0015/07/22 00:00:00,고령인구수,ST02,2007,6632,02-2100-3128,admin,"자치행정과, 정보통신담당관실",지역통계>주제별>인구·가구>주민등록인구통계>동읍면/5세별주민등록인구,인,STTS000111,2008,admin,4219000000,0016/11/21 00:00:00
0015/07/22 00:00:00,고령인구수,ST02,2007,9853,02-2100-3128,admin,"자치행정과, 정보통신담당관실",지역통계>주제별>인구·가구>주민등록인구통계>동읍면/5세별주민등록인구,인,STTS000111,2008,admin,4221000000,0016/11/21 00:00:00
0015/07/22 00:00:00,고령인구수,ST02,2007,12125,02-2100-3128,admin,"자치행정과, 정보통신담당관실",지역통계>주제별>인구·가구>주민등록인구통계>동읍면/5세별주민등록인구,인,STTS000111,2008,admin,4223000000,0016/11/21 00:00:00
0015/07/22 00:00:00,고령인구수,ST02,2007,12514,02-2100-3128,admin,"자치행정과, 정보통신담당관실",지역통계>주제별>인구·가구>주민등록인구통계>동읍면/5세별주민등록인구,인,STTS000111,2008,admin,4272000000,0016/11/21 00:00:00
0015/07/22 00:00:00,고령인구수,ST02,2007,9030,02-2100-3128,admin,"자치행정과, 정보통신담당관실",지역통계>주제별>인구·가구>주민등록인구통계>동읍면/5세별주민등록인구,인,STTS000111,2008,admin,4273000000,0016/11/21 00:00:00
0015/07/22 00:00:00,고령인구수,ST02,2007,8333,02-2100-3128,admin,"자치행정과, 정보통신담당관실",지역통계>주제별>인구·가구>주민등록인구통계>동읍면/5세별주민등록인구,인,STTS000111,2008,admin,4275000000,0016/11/21 00:00:00
0015/07/22 00:00:00,고령인구수,ST02,2007,7959,02-2100-3128,admin,"자치행정과, 정보통신담당관실",지역통계>주제별>인구·가구>주민등록인구통계>동읍면/5세별주민등록인구,인,STTS000111,2008,admin,4276000000,0016/11/21 00:00:00
0015/07/22 00:00:00,고령인구수,ST02,2007,7269,02-2100-3128,admin,"자치행정과, 정보통신담당관실",지역통계>주제별>인구·가구>주민등록인구통계>동읍면/5세별주민등록인구,인,STTS000111,2008,admin,4277000000,0016/11/21 00:00:00
0015/07/22 00:00:00,고령인구수,ST02,2007,7301,02-2100-3128,admin,"자치행정과, 정보통신담당관실",지역통계>주제별>인구·가구>주민등록인구통계>동읍면/5세별주민등록인구,인,STTS000111,2008,admin,4278000000,0016/11/21 00:00:00
0015/07/22 00:00:00,고령인구수,ST02,2007,4122,02-2100-3128,admin,"자치행정과, 정보통신담당관실",지역통계>주제별>인구·가구>주민등록인구통계>동읍면/5세별주민등록인구,인,STTS000111,2008,admin,4279000000,0016/11/21 00:00:00
0015/07/22 00:00:00,고령인구수,ST02,2007,3515,02-2100-3128,admin,"자치행정과, 정보통신담당관실",지역통계>주제별>인구·가구>주민등록인구통계>동읍면/5세별주민등록인구,인,STTS000111,2008,admin,4280000000,0016/11/21 00:00:00
0015/07/22 00:00:00,고령인구수,ST02,2007,4861,02-2100-3128,admin,"자치행정과, 정보통신담당관실",지역통계>주제별>인구·가구>주민등록인구통계>동읍면/5세별주민등록인구,인,STTS000111,2008,admin,4281000000,0016/11/21 00:00:00
0015/07/22 00:00:00,고령인구수,ST02,2007,5873,02-2100-3128,admin,"자치행정과, 정보통신담당관실",지역통계>주제별>인구·가구>주민등록인구통계>동읍면/5세별주민등록인구,인,STTS000111,2008,admin,4282000000,0016/11/21 00:00:00
0015/07/22 00:00:00,고령인구수,ST02,2007,5540,02-2100-3128,admin,"자치행정과, 정보통신담당관실",지역통계>주제별>인구·가구>주민등록인구통계>동읍면/5세별주민등록인구,인,STTS000111,2008,admin,4283000000,0016/11/21 00:00:00
0015/07/22 00:00:00,고령인구수,ST02,2007,192542,02-2100-3128,admin,"자치행정과, 정보통신담당관실",지역통계>주제별>인구·가구>주민등록인구통계>동읍면/5세별주민등록인구,인,STTS000111,2008,admin,4300000000,0016/11/21 00:00:00
0015/07/22 00:00:00,고령인구수,ST02,2007,48337,02-2100-3128,admin,"자치행정과, 정보통신담당관실",지역통계>주제별>인구·가구>주민등록인구통계>동읍면/5세별주민등록인구,인,STTS000111,2008,admin,4311000000,0016/11/21 00:00:00
0015/07/22 00:00:00,고령인구수,ST02,2007,28263,02-2100-3128,admin,"자치행정과, 정보통신담당관실",지역통계>주제별>인구·가구>주민등록인구통계>동읍면/5세별주민등록인구,인,STTS000111,2008,admin,4313000000,0016/11/21 00:00:00
0015/07/22 00:00:00,고령인구수,ST02,2007,19051,02-2100-3128,admin,"자치행정과, 정보통신담당관실",지역통계>주제별>인구·가구>주민등록인구통계>동읍면/5세별주민등록인구,인,STTS000111,2008,admin,4315000000,0016/11/21 00:00:00
0015/07/22 00:00:00,고령인구수,ST02,2007,21095,02-2100-3128,admin,"자치행정과, 정보통신담당관실",지역통계>주제별>인구·가구>주민등록인구통계>동읍면/5세별주민등록인구,인,STTS000111,2008,admin,4371000000,0016/11/21 00:00:00
0015/07/22 00:00:00,고령인구수,ST02,2007,9291,02-2100-3128,admin,"자치행정과, 정보통신담당관실",지역통계>주제별>인구·가구>주민등록인구통계>동읍면/5세별주민등록인구,인,STTS000111,2008,admin,4372000000,0016/11/21 00:00:00
0015/07/22 00:00:00,고령인구수,ST02,2007,11214,02-2100-3128,admin,"자치행정과, 정보통신담당관실",지역통계>주제별>인구·가구>주민등록인구통계>동읍면/5세별주민등록인구,인,STTS000111,2008,admin,4373000000,0016/11/21 00:00:00
0015/07/22 00:00:00,고령인구수,ST02,2007,11817,02-2100-3128,admin,"자치행정과, 정보통신담당관실",지역통계>주제별>인구·가구>주민등록인구통계>동읍면/5세별주민등록인구,인,STTS000111,2008,admin,4374000000,0016/11/21 00:00:00
0015/07/22 00:00:00,고령인구수,ST02,2007,4041,02-2100-3128,admin,"자치행정과, 정보통신담당관실",지역통계>주제별>인구·가구>주민등록인구통계>동읍면/5세별주민등록인구,인,STTS000111,2008,admin,4374500000,0016/11/21 00:00:00
0015/07/22 00:00:00,고령인구수,ST02,2007,9151,02-2100-3128,admin,"자치행정과, 정보통신담당관실",지역통계>주제별>인구·가구>주민등록인구통계>동읍면/5세별주민등록인구,인,STTS000111,2008,admin,4375000000,0016/11/21 00:00:00
0015/07/22 00:00:00,고령인구수,ST02,2007,9967,02-2100-3128,admin,"자치행정과, 정보통신담당관실",지역통계>주제별>인구·가구>주민등록인구통계>동읍면/5세별주민등록인구,인,STTS000111,2008,admin,4376000000,0016/11/21 00:00:00
0015/07/22 00:00:00,고령인구수,ST02,2007,13590,02-2100-3128,admin,"자치행정과, 정보통신담당관실",지역통계>주제별>인구·가구>주민등록인구통계>동읍면/5세별주민등록인구,인,STTS000111,2008,admin,4377000000,0016/11/21 00:00:00
0015/07/22 00:00:00,고령인구수,ST02,2007,6725,02-2100-3128,admin,"자치행정과, 정보통신담당관실",지역통계>주제별>인구·가구>주민등록인구통계>동읍면/5세별주민등록인구,인,STTS000111,2008,admin,4380000000,0016/11/21 00:00:00
0015/07/22 00:00:00,고령인구수,ST02,2007,293688,02-2100-3128,admin,"자치행정과, 정보통신담당관실",지역통계>주제별>인구·가구>주민등록인구통계>동읍면/5세별주민등록인구,인,STTS000111,2008,admin,4400000000,0016/11/21 00:00:00
0015/07/22 00:00:00,고령인구수,ST02,2007,40913,02-2100-3128,admin,"자치행정과, 정보통신담당관실",지역통계>주제별>인구·가구>주민등록인구통계>동읍면/5세별주민등록인구,인,STTS000111,2008,admin,4413000000,0016/11/21 00:00:00
0015/07/22 00:00:00,고령인구수,ST02,2007,21676,02-2100-3128,admin,"자치행정과, 정보통신담당관실",지역통계>주제별>인구·가구>주민등록인구통계>동읍면/5세별주민등록인구,인,STTS000111,2008,admin,4415000000,0016/11/21 00:00:00
0015/07/22 00:00:00,고령인구수,ST02,2007,18408,02-2100-3128,admin,"자치행정과, 정보통신담당관실",지역통계>주제별>인구·가구>주민등록인구통계>동읍면/5세별주민등록인구,인,STTS000111,2008,admin,4418000000,0016/11/21 00:00:00
0015/07/22 00:00:00,고령인구수,ST02,2007,25659,02-2100-3128,admin,"자치행정과, 정보통신담당관실",지역통계>주제별>인구·가구>주민등록인구통계>동읍면/5세별주민등록인구,인,STTS000111,2008,admin,4420000000,0016/11/21 00:00:00
0015/07/22 00:00:00,고령인구수,ST02,2007,21770,02-2100-3128,admin,"자치행정과, 정보통신담당관실",지역통계>주제별>인구·가구>주민등록인구통계>동읍면/5세별주민등록인구,인,STTS000111,2008,admin,4421000000,0016/11/21 00:00:00
0015/07/22 00:00:00,고령인구수,ST02,2007,23883,02-2100-3128,admin,"자치행정과, 정보통신담당관실",지역통계>주제별>인구·가구>주민등록인구통계>동읍면/5세별주민등록인구,인,STTS000111,2008,admin,4423000000,0016/11/21 00:00:00
0015/07/22 00:00:00,고령인구수,ST02,2007,2772,02-2100-3128,admin,"자치행정과, 정보통신담당관실",지역통계>주제별>인구·가구>주민등록인구통계>동읍면/5세별주민등록인구,인,STTS000111,2008,admin,4425000000,0016/11/21 00:00:00
0015/07/22 00:00:00,고령인구수,ST02,2007,12642,02-2100-3128,admin,"자치행정과, 정보통신담당관실",지역통계>주제별>인구·가구>주민등록인구통계>동읍면/5세별주민등록인구,인,STTS000111,2008,admin,4471000000,0016/11/21 00:00:00
0015/07/22 00:00:00,고령인구수,ST02,2007,12784,02-2100-3128,admin,"자치행정과, 정보통신담당관실",지역통계>주제별>인구·가구>주민등록인구통계>동읍면/5세별주민등록인구,인,STTS000111,2008,admin,4473000000,0016/11/21 00:00:00
0015/07/22 00:00:00,고령인구수,ST02,2007,18377,02-2100-3128,admin,"자치행정과, 정보통신담당관실",지역통계>주제별>인구·가구>주민등록인구통계>동읍면/5세별주민등록인구,인,STTS000111,2008,admin,4476000000,0016/11/21 00:00:00
0015/07/22 00:00:00,고령인구수,ST02,2007,15288,02-2100-3128,admin,"자치행정과, 정보통신담당관실",지역통계>주제별>인구·가구>주민등록인구통계>동읍면/5세별주민등록인구,인,STTS000111,2008,admin,4477000000,0016/11/21 00:00:00
0015/07/22 00:00:00,고령인구수,ST02,2007,9043,02-2100-3128,admin,"자치행정과, 정보통신담당관실",지역통계>주제별>인구·가구>주민등록인구통계>동읍면/5세별주민등록인구,인,STTS000111,2008,admin,4479000000,0016/11/21 00:00:00
0015/07/22 00:00:00,고령인구수,ST02,2007,17345,02-2100-3128,admin,"자치행정과, 정보통신담당관실",지역통계>주제별>인구·가구>주민등록인구통계>동읍면/5세별주민등록인구,인,STTS000111,2008,admin,4480000000,0016/11/21 00:00:00
0015/07/22 00:00:00,고령인구수,ST02,2007,18575,02-2100-3128,admin,"자치행정과, 정보통신담당관실",지역통계>주제별>인구·가구>주민등록인구통계>동읍면/5세별주민등록인구,인,STTS000111,2008,admin,4481000000,0016/11/21 00:00:00
0015/07/22 00:00:00,고령인구수,ST02,2007,12784,02-2100-3128,admin,"자치행정과, 정보통신담당관실",지역통계>주제별>인구·가구>주민등록인구통계>동읍면/5세별주민등록인구,인,STTS000111,2008,admin,4482500000,0016/11/21 00:00:00
0015/07/22 00:00:00,고령인구수,ST02,2007,21769,02-2100-3128,admin,"자치행정과, 정보통신담당관실",지역통계>주제별>인구·가구>주민등록인구통계>동읍면/5세별주민등록인구,인,STTS000111,2008,admin,4483000000,0016/11/21 00:00:00
0015/07/22 00:00:00,고령인구수,ST02,2007,272231,02-2100-3128,admin,"자치행정과, 정보통신담당관실",지역통계>주제별>인구·가구>주민등록인구통계>동읍면/5세별주민등록인구,인,STTS000111,2008,admin,4500000000,0016/11/21 00:00:00
0015/07/22 00:00:00,고령인구수,ST02,2007,57338,02-2100-3128,admin,"자치행정과, 정보통신담당관실",지역통계>주제별>인구·가구>주민등록인구통계>동읍면/5세별주민등록인구,인,STTS000111,2008,admin,4511000000,0016/11/21 00:00:00
0015/07/22 00:00:00,고령인구수,ST02,2007,31425,02-2100-3128,admin,"자치행정과, 정보통신담당관실",지역통계>주제별>인구·가구>주민등록인구통계>동읍면/5세별주민등록인구,인,STTS000111,2008,admin,4513000000,0016/11/21 00:00:00
0015/07/22 00:00:00,고령인구수,ST02,2007,37501,02-2100-3128,admin,"자치행정과, 정보통신담당관실",지역통계>주제별>인구·가구>주민등록인구통계>동읍면/5세별주민등록인구,인,STTS000111,2008,admin,4514000000,0016/11/21 00:00:00
0015/07/22 00:00:00,고령인구수,ST02,2007,24245,02-2100-3128,admin,"자치행정과, 정보통신담당관실",지역통계>주제별>인구·가구>주민등록인구통계>동읍면/5세별주민등록인구,인,STTS000111,2008,admin,4518000000,0016/11/21 00:00:00
0015/07/22 00:00:00,고령인구수,ST02,2007,17773,02-2100-3128,admin,"자치행정과, 정보통신담당관실",지역통계>주제별>인구·가구>주민등록인구통계>동읍면/5세별주민등록인구,인,STTS000111,2008,admin,4519000000,0016/11/21 00:00:00
0015/07/22 00:00:00,고령인구수,ST02,2007,21616,02-2100-3128,admin,"자치행정과, 정보통신담당관실",지역통계>주제별>인구·가구>주민등록인구통계>동읍면/5세별주민등록인구,인,STTS000111,2008,admin,4521000000,0016/11/21 00:00:00
0015/07/22 00:00:00,고령인구수,ST02,2007,14922,02-2100-3128,admin,"자치행정과, 정보통신담당관실",지역통계>주제별>인구·가구>주민등록인구통계>동읍면/5세별주민등록인구,인,STTS000111,2008,admin,4571000000,0016/11/21 00:00:00
0015/07/22 00:00:00,고령인구수,ST02,2007,7292,02-2100-3128,admin,"자치행정과, 정보통신담당관실",지역통계>주제별>인구·가구>주민등록인구통계>동읍면/5세별주민등록인구,인,STTS000111,2008,admin,4572000000,0016/11/21 00:00:00
0015/07/22 00:00:00,고령인구수,ST02,2007,6652,02-2100-3128,admin,"자치행정과, 정보통신담당관실",지역통계>주제별>인구·가구>주민등록인구통계>동읍면/5세별주민등록인구,인,STTS000111,2008,admin,4573000000,0016/11/21 00:00:00
0015/07/22 00:00:00,고령인구수,ST02,2007,6274,02-2100-3128,admin,"자치행정과, 정보통신담당관실",지역통계>주제별>인구·가구>주민등록인구통계>동읍면/5세별주민등록인구,인,STTS000111,2008,admin,4574000000,0016/11/21 00:00:00
0015/07/22 00:00:00,고령인구수,ST02,2007,8752,02-2100-3128,admin,"자치행정과, 정보통신담당관실",지역통계>주제별>인구·가구>주민등록인구통계>동읍면/5세별주민등록인구,인,STTS000111,2008,admin,4575000000,0016/11/21 00:00:00
0015/07/22 00:00:00,고령인구수,ST02,2007,8473,02-2100-3128,admin,"자치행정과, 정보통신담당관실",지역통계>주제별>인구·가구>주민등록인구통계>동읍면/5세별주민등록인구,인,STTS000111,2008,admin,4577000000,0016/11/21 00:00:00
0015/07/22 00:00:00,고령인구수,ST02,2007,15596,02-2100-3128,admin,"자치행정과, 정보통신담당관실",지역통계>주제별>인구·가구>주민등록인구통계>동읍면/5세별주민등록인구,인,STTS000111,2008,admin,4579000000,0016/11/21 00:00:00
0015/07/22 00:00:00,고령인구수,ST02,2007,14372,02-2100-3128,admin,"자치행정과, 정보통신담당관실",지역통계>주제별>인구·가구>주민등록인구통계>동읍면/5세별주민등록인구,인,STTS000111,2008,admin,4580000000,0016/11/21 00:00:00
0015/07/22 00:00:00,고령인구수,ST02,2007,338407,02-2100-3128,admin,"자치행정과, 정보통신담당관실",지역통계>주제별>인구·가구>주민등록인구통계>동읍면/5세별주민등록인구,인,STTS000111,2008,admin,4600000000,0016/11/21 00:00:00
0015/07/22 00:00:00,고령인구수,ST02,2007,22783,02-2100-3128,admin,"자치행정과, 정보통신담당관실",지역통계>주제별>인구·가구>주민등록인구통계>동읍면/5세별주민등록인구,인,STTS000111,2008,admin,4611000000,0016/11/21 00:00:00
0015/07/22 00:00:00,고령인구수,ST02,2007,34637,02-2100-3128,admin,"자치행정과, 정보통신담당관실",지역통계>주제별>인구·가구>주민등록인구통계>동읍면/5세별주민등록인구,인,STTS000111,2008,admin,4613000000,0016/11/21 00:00:00
0015/07/22 00:00:00,고령인구수,ST02,2007,29878,02-2100-3128,admin,"자치행정과, 정보통신담당관실",지역통계>주제별>인구·가구>주민등록인구통계>동읍면/5세별주민등록인구,인,STTS000111,2008,admin,4615000000,0016/11/21 00:00:00
0015/07/22 00:00:00,고령인구수,ST02,2007,20714,02-2100-3128,admin,"자치행정과, 정보통신담당관실",지역통계>주제별>인구·가구>주민등록인구통계>동읍면/5세별주민등록인구,인,STTS000111,2008,admin,4617000000,0016/11/21 00:00:00
0015/07/22 00:00:00,고령인구수,ST02,2007,13033,02-2100-3128,admin,"자치행정과, 정보통신담당관실",지역통계>주제별>인구·가구>주민등록인구통계>동읍면/5세별주민등록인구,인,STTS000111,2008,admin,4623000000,0016/11/21 00:00:00
0015/07/22 00:00:00,고령인구수,ST02,2007,11576,02-2100-3128,admin,"자치행정과, 정보통신담당관실",지역통계>주제별>인구·가구>주민등록인구통계>동읍면/5세별주민등록인구,인,STTS000111,2008,admin,4671000000,0016/11/21 00:00:00
0015/07/22 00:00:00,고령인구수,ST02,2007,9127,02-2100-3128,admin,"자치행정과, 정보통신담당관실",지역통계>주제별>인구·가구>주민등록인구통계>동읍면/5세별주민등록인구,인,STTS000111,2008,admin,4672000000,0016/11/21 00:00:00
0015/07/22 00:00:00,고령인구수,ST02,2007,7271,02-2100-3128,admin,"자치행정과, 정보통신담당관실",지역통계>주제별>인구·가구>주민등록인구통계>동읍면/5세별주민등록인구,인,STTS000111,2008,admin,4673000000,0016/11/21 00:00:00
0015/07/22 00:00:00,고령인구수,ST02,2007,23458,02-2100-3128,admin,"자치행정과, 정보통신담당관실",지역통계>주제별>인구·가구>주민등록인구통계>동읍면/5세별주민등록인구,인,STTS000111,2008,admin,4677000000,0016/11/21 00:00:00
0015/07/22 00:00:00,고령인구수,ST02,2007,14298,02-2100-3128,admin,"자치행정과, 정보통신담당관실",지역통계>주제별>인구·가구>주민등록인구통계>동읍면/5세별주민등록인구,인,STTS000111,2008,admin,4678000000,0016/11/21 00:00:00
0015/07/22 00:00:00,고령인구수,ST02,2007,13691,02-2100-3128,admin,"자치행정과, 정보통신담당관실",지역통계>주제별>인구·가구>주민등록인구통계>동읍면/5세별주민등록인구,인,STTS000111,2008,admin,4679000000,0016/11/21 00:00:00
0015/07/22 00:00:00,고령인구수,ST02,2007,11662,02-2100-3128,admin,"자치행정과, 정보통신담당관실",지역통계>주제별>인구·가구>주민등록인구통계>동읍면/5세별주민등록인구,인,STTS000111,2008,admin,4680000000,0016/11/21 00:00:00
0015/07/22 00:00:00,고령인구수,ST02,2007,10855,02-2100-3128,admin,"자치행정과, 정보통신담당관실",지역통계>주제별>인구·가구>주민등록인구통계>동읍면/5세별주민등록인구,인,STTS000111,2008,admin,4681000000,0016/11/21 00:00:00
0015/07/22 00:00:00,고령인구수,ST02,2007,19634,02-2100-3128,admin,"자치행정과, 정보통신담당관실",지역통계>주제별>인구·가구>주민등록인구통계>동읍면/5세별주민등록인구,인,STTS000111,2008,admin,4682000000,0016/11/21 00:00:00
0015/07/22 00:00:00,고령인구수,ST02,2007,12185,02-2100-3128,admin,"자치행정과, 정보통신담당관실",지역통계>주제별>인구·가구>주민등록인구통계>동읍면/5세별주민등록인구,인,STTS000111,2008,admin,4683000000,0016/11/21 00:00:00
0015/07/22 00:00:00,고령인구수,ST02,2007,13438,02-2100-3128,admin,"자치행정과, 정보통신담당관실",지역통계>주제별>인구·가구>주민등록인구통계>동읍면/5세별주민등록인구,인,STTS000111,2008,admin,4684000000,0016/11/21 00:00:00
0015/07/22 00:00:00,고령인구수,ST02,2007,10569,02-2100-3128,admin,"자치행정과, 정보통신담당관실",지역통계>주제별>인구·가구>주민등록인구통계>동읍면/5세별주민등록인구,인,STTS000111,2008,admin,4686000000,0016/11/21 00:00:00
0015/07/22 00:00:00,고령인구수,ST02,2007,12925,02-2100-3128,admin,"자치행정과, 정보통신담당관실",지역통계>주제별>인구·가구>주민등록인구통계>동읍면/5세별주민등록인구,인,STTS000111,2008,admin,4687000000,0016/11/21 00:00:00
0015/07/22 00:00:00,고령인구수,ST02,2007,10900,02-2100-3128,admin,"자치행정과, 정보통신담당관실",지역통계>주제별>인구·가구>주민등록인구통계>동읍면/5세별주민등록인구,인,STTS000111,2008,admin,4688000000,0016/11/21 00:00:00
0015/07/22 00:00:00,고령인구수,ST02,2007,13806,02-2100-3128,admin,"자치행정과, 정보통신담당관실",지역통계>주제별>인구·가구>주민등록인구통계>동읍면/5세별주민등록인구,인,STTS000111,2008,admin,4689000000,0016/11/21 00:00:00
0015/07/22 00:00:00,고령인구수,ST02,2007,9360,02-2100-3128,admin,"자치행정과, 정보통신담당관실",지역통계>주제별>인구·가구>주민등록인구통계>동읍면/5세별주민등록인구,인,STTS000111,2008,admin,4690000000,0016/11/21 00:00:00
0015/07/22 00:00:00,고령인구수,ST02,2007,12607,02-2100-3128,admin,"자치행정과, 정보통신담당관실",지역통계>주제별>인구·가구>주민등록인구통계>동읍면/5세별주민등록인구,인,STTS000111,2008,admin,4691000000,0016/11/21 00:00:00
0015/07/22 00:00:00,고령인구수,ST02,2007,402469,02-2100-3128,admin,"자치행정과, 정보통신담당관실",지역통계>주제별>인구·가구>주민등록인구통계>동읍면/5세별주민등록인구,인,STTS000111,2008,admin,4700000000,0016/11/21 00:00:00
0015/07/22 00:00:00,고령인구수,ST02,2007,47404,02-2100-3128,admin,"자치행정과, 정보통신담당관실",지역통계>주제별>인구·가구>주민등록인구통계>동읍면/5세별주민등록인구,인,STTS000111,2008,admin,4711000000,0016/11/21 00:00:00
0015/07/22 00:00:00,고령인구수,ST02,2007,39288,02-2100-3128,admin,"자치행정과, 정보통신담당관실",지역통계>주제별>인구·가구>주민등록인구통계>동읍면/5세별주민등록인구,인,STTS000111,2008,admin,4713000000,0016/11/21 00:00:00
0015/07/22 00:00:00,고령인구수,ST02,2007,23778,02-2100-3128,admin,"자치행정과, 정보통신담당관실",지역통계>주제별>인구·가구>주민등록인구통계>동읍면/5세별주민등록인구,인,STTS000111,2008,admin,4715000000,0016/11/21 00:00:00
0015/07/22 00:00:00,고령인구수,ST02,2007,29309,02-2100-3128,admin,"자치행정과, 정보통신담당관실",지역통계>주제별>인구·가구>주민등록인구통계>동읍면/5세별주민등록인구,인,STTS000111,2008,admin,4717000000,0016/11/21 00:00:00
0015/07/22 00:00:00,고령인구수,ST02,2007,23561,02-2100-3128,admin,"자치행정과, 정보통신담당관실",지역통계>주제별>인구·가구>주민등록인구통계>동읍면/5세별주민등록인구,인,STTS000111,2008,admin,4719000000,0016/11/21 00:00:00
0015/07/22 00:00:00,고령인구수,ST02,2007,20381,02-2100-3128,admin,"자치행정과, 정보통신담당관실",지역통계>주제별>인구·가구>주민등록인구통계>동읍면/5세별주민등록인구,인,STTS000111,2008,admin,4721000000,0016/11/21 00:00:00
0015/07/22 00:00:00,고령인구수,ST02,2007,21018,02-2100-3128,admin,"자치행정과, 정보통신담당관실",지역통계>주제별>인구·가구>주민등록인구통계>동읍면/5세별주민등록인구,인,STTS000111,2008,admin,4723000000,0016/11/21 00:00:00
0015/07/22 00:00:00,고령인구수,ST02,2007,24564,02-2100-3128,admin,"자치행정과, 정보통신담당관실",지역통계>주제별>인구·가구>주민등록인구통계>동읍면/5세별주민등록인구,인,STTS000111,2008,admin,4725000000,0016/11/21 00:00:00
0015/07/22 00:00:00,고령인구수,ST02,2007,16361,02-2100-3128,admin,"자치행정과, 정보통신담당관실",지역통계>주제별>인구·가구>주민등록인구통계>동읍면/5세별주민등록인구,인,STTS000111,2008,admin,4728000000,0016/11/21 00:00:00
0015/07/22 00:00:00,고령인구수,ST02,2007,25892,02-2100-3128,admin,"자치행정과, 정보통신담당관실",지역통계>주제별>인구·가구>주민등록인구통계>동읍면/5세별주민등록인구,인,STTS000111,2008,admin,4729000000,0016/11/21 00:00:00
0015/07/22 00:00:00,고령인구수,ST02,2007,7735,02-2100-3128,admin,"자치행정과, 정보통신담당관실",지역통계>주제별>인구·가구>주민등록인구통계>동읍면/5세별주민등록인구,인,STTS000111,2008,admin,4772000000,0016/11/21 00:00:00
0015/07/22 00:00:00,고령인구수,ST02,2007,18380,02-2100-3128,admin,"자치행정과, 정보통신담당관실",지역통계>주제별>인구·가구>주민등록인구통계>동읍면/5세별주민등록인구,인,STTS000111,2008,admin,4773000000,0016/11/21 00:00:00
0015/07/22 00:00:00,고령인구수,ST02,2007,7417,02-2100-3128,admin,"자치행정과, 정보통신담당관실",지역통계>주제별>인구·가구>주민등록인구통계>동읍면/5세별주민등록인구,인,STTS000111,2008,admin,4775000000,0016/11/21 00:00:00
0015/07/22 00:00:00,고령인구수,ST02,2007,5462,02-2100-3128,admin,"자치행정과, 정보통신담당관실",지역통계>주제별>인구·가구>주민등록인구통계>동읍면/5세별주민등록인구,인,STTS000111,2008,admin,4776000000,0016/11/21 00:00:00
0015/07/22 00:00:00,고령인구수,ST02,2007,11718,02-2100-3128,admin,"자치행정과, 정보통신담당관실",지역통계>주제별>인구·가구>주민등록인구통계>동읍면/5세별주민등록인구,인,STTS000111,2008,admin,4777000000,0016/11/21 00:00:00
0015/07/22 00:00:00,고령인구수,ST02,2007,12320,02-2100-3128,admin,"자치행정과, 정보통신담당관실",지역통계>주제별>인구·가구>주민등록인구통계>동읍면/5세별주민등록인구,인,STTS000111,2008,admin,4782000000,0016/11/21 00:00:00
0015/07/22 00:00:00,고령인구수,ST02,2007,7655,02-2100-3128,admin,"자치행정과, 정보통신담당관실",지역통계>주제별>인구·가구>주민등록인구통계>동읍면/5세별주민등록인구,인,STTS000111,2008,admin,4783000000,0016/11/21 00:00:00
0015/07/22 00:00:00,고령인구수,ST02,2007,10491,02-2100-3128,admin,"자치행정과, 정보통신담당관실",지역통계>주제별>인구·가구>주민등록인구통계>동읍면/5세별주민등록인구,인,STTS000111,2008,admin,4784000000,0016/11/21 00:00:00
0015/07/22 00:00:00,고령인구수,ST02,2007,12662,02-2100-3128,admin,"자치행정과, 정보통신담당관실",지역통계>주제별>인구·가구>주민등록인구통계>동읍면/5세별주민등록인구,인,STTS000111,2008,admin,4785000000,0016/11/21 00:00:00
0015/07/22 00:00:00,고령인구수,ST02,2007,13869,02-2100-3128,admin,"자치행정과, 정보통신담당관실",지역통계>주제별>인구·가구>주민등록인구통계>동읍면/5세별주민등록인구,인,STTS000111,2008,admin,4790000000,0016/11/21 00:00:00
0015/07/22 00:00:00,고령인구수,ST02,2007,9560,02-2100-3128,admin,"자치행정과, 정보통신담당관실",지역통계>주제별>인구·가구>주민등록인구통계>동읍면/5세별주민등록인구,인,STTS000111,2008,admin,4792000000,0016/11/21 00:00:00
0015/07/22 00:00:00,고령인구수,ST02,2007,11876,02-2100-3128,admin,"자치행정과, 정보통신담당관실",지역통계>주제별>인구·가구>주민등록인구통계>동읍면/5세별주민등록인구,인,STTS000111,2008,admin,4793000000,0016/11/21 00:00:00
0015/07/22 00:00:00,고령인구수,ST02,2007,1768,02-2100-3128,admin,"자치행정과, 정보통신담당관실",지역통계>주제별>인구·가구>주민등록인구통계>동읍면/5세별주민등록인구,인,STTS000111,2008,admin,4794000000,0016/11/21 00:00:00
0015/07/22 00:00:00,고령인구수,ST02,2007,366471,02-2100-3128,admin,"자치행정과, 정보통신담당관실",지역통계>주제별>인구·가구>주민등록인구통계>동읍면/5세별주민등록인구,인,STTS000111,2008,admin,4800000000,0016/11/21 00:00:00
0015/07/22 00:00:00,고령인구수,ST02,2007,81692,02-2100-3128,admin,"자치행정과, 정보통신담당관실",지역통계>주제별>인구·가구>주민등록인구통계>동읍면/5세별주민등록인구,인,STTS000111,2008,admin,4812000000,0016/11/21 00:00:00
0015/07/22 00:00:00,고령인구수,ST02,2007,36250,02-2100-3128,admin,"자치행정과, 정보통신담당관실",지역통계>주제별>인구·가구>주민등록인구통계>동읍면/5세별주민등록인구,인,STTS000111,2008,admin,4817000000,0016/11/21 00:00:00
0015/07/22 00:00:00,고령인구수,ST02,2007,15665,02-2100-3128,admin,"자치행정과, 정보통신담당관실",지역통계>주제별>인구·가구>주민등록인구통계>동읍면/5세별주민등록인구,인,STTS000111,2008,admin,4822000000,0016/11/21 00:00:00
0015/07/22 00:00:00,고령인구수,ST02,2007,16950,02-2100-3128,admin,"자치행정과, 정보통신담당관실",지역통계>주제별>인구·가구>주민등록인구통계>동읍면/5세별주민등록인구,인,STTS000111,2008,admin,4824000000,0016/11/21 00:00:00
0015/07/22 00:00:00,고령인구수,ST02,2007,32630,02-2100-3128,admin,"자치행정과, 정보통신담당관실",지역통계>주제별>인구·가구>주민등록인구통계>동읍면/5세별주민등록인구,인,STTS000111,2008,admin,4825000000,0016/11/21 00:00:00
0015/07/22 00:00:00,고령인구수,ST02,2007,20735,02-2100-3128,admin,"자치행정과, 정보통신담당관실",지역통계>주제별>인구·가구>주민등록인구통계>동읍면/5세별주민등록인구,인,STTS000111,2008,admin,4827000000,0016/11/21 00:00:00
0015/07/22 00:00:00,고령인구수,ST02,2007,15784,02-2100-3128,admin,"자치행정과, 정보통신담당관실",지역통계>주제별>인구·가구>주민등록인구통계>동읍면/5세별주민등록인구,인,STTS000111,2008,admin,4831000000,0016/11/21 00:00:00
0015/07/22 00:00:00,고령인구수,ST02,2007,19969,02-2100-3128,admin,"자치행정과, 정보통신담당관실",지역통계>주제별>인구·가구>주민등록인구통계>동읍면/5세별주민등록인구,인,STTS000111,2008,admin,4833000000,0016/11/21 00:00:00
0015/07/22 00:00:00,고령인구수,ST02,2007,9141,02-2100-3128,admin,"자치행정과, 정보통신담당관실",지역통계>주제별>인구·가구>주민등록인구통계>동읍면/5세별주민등록인구,인,STTS000111,2008,admin,4872000000,0016/11/21 00:00:00
0015/07/22 00:00:00,고령인구수,ST02,2007,11751,02-2100-3128,admin,"자치행정과, 정보통신담당관실",지역통계>주제별>인구·가구>주민등록인구통계>동읍면/5세별주민등록인구,인,STTS000111,2008,admin,4873000000,0016/11/21 00:00:00
0015/07/22 00:00:00,고령인구수,ST02,2007,14653,02-2100-3128,admin,"자치행정과, 정보통신담당관실",지역통계>주제별>인구·가구>주민등록인구통계>동읍면/5세별주민등록인구,인,STTS000111,2008,admin,4874000000,0016/11/21 00:00:00
0015/07/22 00:00:00,고령인구수,ST02,2007,12727,02-2100-3128,admin,"자치행정과, 정보통신담당관실",지역통계>주제별>인구·가구>주민등록인구통계>동읍면/5세별주민등록인구,인,STTS000111,2008,admin,4882000000,0016/11/21 00:00:00
0015/07/22 00:00:00,고령인구수,ST02,2007,14913,02-2100-3128,admin,"자치행정과, 정보통신담당관실",지역통계>주제별>인구·가구>주민등록인구통계>동읍면/5세별주민등록인구,인,STTS000111,2008,admin,4884000000,0016/11/21 00:00:00
0015/07/22 00:00:00,고령인구수,ST02,2007,13074,02-2100-3128,admin,"자치행정과, 정보통신담당관실",지역통계>주제별>인구·가구>주민등록인구통계>동읍면/5세별주민등록인구,인,STTS000111,2008,admin,4885000000,0016/11/21 00:00:00
0015/07/22 00:00:00,고령인구수,ST02,2007,10084,02-2100-3128,admin,"자치행정과, 정보통신담당관실",지역통계>주제별>인구·가구>주민등록인구통계>동읍면/5세별주민등록인구,인,STTS000111,2008,admin,4886000000,0016/11/21 00:00:00
0015/07/22 00:00:00,고령인구수,ST02,2007,10973,02-2100-3128,admin,"자치행정과, 정보통신담당관실",지역통계>주제별>인구·가구>주민등록인구통계>동읍면/5세별주민등록인구,인,STTS000111,2008,admin,4887000000,0016/11/21 00:00:00
0015/07/22 00:00:00,고령인구수,ST02,2007,13697,02-2100-3128,admin,"자치행정과, 정보통신담당관실",지역통계>주제별>인구·가구>주민등록인구통계>동읍면/5세별주민등록인구,인,STTS000111,2008,admin,4888000000,0016/11/21 00:00:00
0015/07/22 00:00:00,고령인구수,ST02,2007,15783,02-2100-3128,admin,"자치행정과, 정보통신담당관실",지역통계>주제별>인구·가구>주민등록인구통계>동읍면/5세별주민등록인구,인,STTS000111,2008,admin,4889000000,0016/11/21 00:00:00
0015/07/22 00:00:00,고령인구수,ST02,2007,64191,02-2100-3128,admin,"자치행정과, 정보통신담당관실",지역통계>주제별>인구·가구>주민등록인구통계>동읍면/5세별주민등록인구,인,STTS000111,2008,admin,5000000000,0016/11/21 00:00:00
0015/07/22 00:00:00,고령인구수,ST02,2007,41950,02-2100-3128,admin,"자치행정과, 정보통신담당관실",지역통계>주제별>인구·가구>주민등록인구통계>동읍면/5세별주민등록인구,인,STTS000111,2008,admin,5011000000,0016/11/21 00:00:00
0015/07/22 00:00:00,고령인구수,ST02,2007,22241,02-2100-3128,admin,"자치행정과, 정보통신담당관실",지역통계>주제별>인구·가구>주민등록인구통계>동읍면/5세별주민등록인구,인,STTS000111,2008,admin,5013000000,0016/11/21 00:00:00
0015/10/29 00:00:00,고령인구수,ST02,2007,935757,02-2100-3128,admin,"자치행정과, 정보통신담당관실",지역통계>주제별>인구·가구>주민등록인구통계>동읍면/5세별주민등록인구,인,STTS000111,2009,admin,1100000000,0016/11/21 00:00:00
0015/10/29 00:00:00,고령인구수,ST02,2007,20545,02-2100-3128,admin,"자치행정과, 정보통신담당관실",지역통계>주제별>인구·가구>주민등록인구통계>동읍면/5세별주민등록인구,인,STTS000111,2009,admin,1111000000,0016/11/21 00:00:00
0015/10/29 00:00:00,고령인구수,ST02,2007,15760,02-2100-3128,admin,"자치행정과, 정보통신담당관실",지역통계>주제별>인구·가구>주민등록인구통계>동읍면/5세별주민등록인구,인,STTS000111,2009,admin,1114000000,0016/11/21 00:00:00
0015/10/29 00:00:00,고령인구수,ST02,2007,27888,02-2100-3128,admin,"자치행정과, 정보통신담당관실",지역통계>주제별>인구·가구>주민등록인구통계>동읍면/5세별주민등록인구,인,STTS000111,2009,admin,1117000000,0016/11/21 00:00:00
0015/10/29 00:00:00,고령인구수,ST02,2007,30133,02-2100-3128,admin,"자치행정과, 정보통신담당관실",지역통계>주제별>인구·가구>주민등록인구통계>동읍면/5세별주민등록인구,인,STTS000111,2009,admin,1120000000,0016/11/21 00:00:00
0015/10/29 00:00:00,고령인구수,ST02,2007,29979,02-2100-3128,admin,"자치행정과, 정보통신담당관실",지역통계>주제별>인구·가구>주민등록인구통계>동읍면/5세별주민등록인구,인,STTS000111,2009,admin,1121500000,0016/11/21 00:00:00
